track_id,culture,audio_path,source_dataset,source_split,source_index,label,instrument,mood_theme,duration
vtsouval_mtg_jamendo_autotagging_00000014,anglo_pop,audio\vtsouval_mtg_jamendo_autotagging_00000014.mp3,vtsouval/mtg_jamendo_autotagging,train,14,"['pop', 'dance', 'electronic']",['accordion'],['melodic'],30
vtsouval_mtg_jamendo_autotagging_00000015,anglo_pop,audio\vtsouval_mtg_jamendo_autotagging_00000015.mp3,vtsouval/mtg_jamendo_autotagging,train,15,"['pop', 'dance', 'electronic']",['accordion'],['melodic'],30
vtsouval_mtg_jamendo_autotagging_00000016,anglo_pop,audio\vtsouval_mtg_jamendo_autotagging_00000016.mp3,vtsouval/mtg_jamendo_autotagging,train,16,"['pop', 'dance', 'electronic']",['accordion'],['melodic'],30
vtsouval_mtg_jamendo_autotagging_00000017,anglo_pop,audio\vtsouval_mtg_jamendo_autotagging_00000017.mp3,vtsouval/mtg_jamendo_autotagging,train,17,"['pop', 'dance', 'electronic']",['accordion'],['melodic'],30
vtsouval_mtg_jamendo_autotagging_00000018,anglo_pop,audio\vtsouval_mtg_jamendo_autotagging_00000018.mp3,vtsouval/mtg_jamendo_autotagging,train,18,"['pop', 'dance', 'electronic']",['accordion'],['melodic'],30
vtsouval_mtg_jamendo_autotagging_00000019,anglo_pop,audio\vtsouval_mtg_jamendo_autotagging_00000019.mp3,vtsouval/mtg_jamendo_autotagging,train,19,"['pop', 'dance', 'electronic']",['accordion'],['melodic'],30
vtsouval_mtg_jamendo_autotagging_00000020,anglo_pop,audio\vtsouval_mtg_jamendo_autotagging_00000020.mp3,vtsouval/mtg_jamendo_autotagging,train,20,"['pop', 'rock', 'alternative']",['piano'],['relaxing'],30
vtsouval_mtg_jamendo_autotagging_00000021,anglo_pop,audio\vtsouval_mtg_jamendo_autotagging_00000021.mp3,vtsouval/mtg_jamendo_autotagging,train,21,['pop'],['piano'],['relaxing'],30
vtsouval_mtg_jamendo_autotagging_00000022,anglo_pop,audio\vtsouval_mtg_jamendo_autotagging_00000022.mp3,vtsouval/mtg_jamendo_autotagging,train,22,['pop'],['piano'],['relaxing'],30
vtsouval_mtg_jamendo_autotagging_00000023,anglo_pop,audio\vtsouval_mtg_jamendo_autotagging_00000023.mp3,vtsouval/mtg_jamendo_autotagging,train,23,['pop'],['piano'],['relaxing'],30
vtsouval_mtg_jamendo_autotagging_00000024,anglo_pop,audio\vtsouval_mtg_jamendo_autotagging_00000024.mp3,vtsouval/mtg_jamendo_autotagging,train,24,"['pop', 'minimal']",['piano'],['relaxing'],30
vtsouval_mtg_jamendo_autotagging_00000025,anglo_pop,audio\vtsouval_mtg_jamendo_autotagging_00000025.mp3,vtsouval/mtg_jamendo_autotagging,train,25,['pop'],['piano'],['relaxing'],30
vtsouval_mtg_jamendo_autotagging_00000026,anglo_pop,audio\vtsouval_mtg_jamendo_autotagging_00000026.mp3,vtsouval/mtg_jamendo_autotagging,train,26,"['folk', 'pop']",['piano'],['relaxing'],30
vtsouval_mtg_jamendo_autotagging_00000027,anglo_pop,audio\vtsouval_mtg_jamendo_autotagging_00000027.mp3,vtsouval/mtg_jamendo_autotagging,train,27,"['pop', 'country', 'popfolk']",['piano'],['relaxing'],30
vtsouval_mtg_jamendo_autotagging_00000028,anglo_pop,audio\vtsouval_mtg_jamendo_autotagging_00000028.mp3,vtsouval/mtg_jamendo_autotagging,train,28,"['pop', 'classical']",['piano'],['relaxing'],30
vtsouval_mtg_jamendo_autotagging_00000029,anglo_pop,audio\vtsouval_mtg_jamendo_autotagging_00000029.mp3,vtsouval/mtg_jamendo_autotagging,train,29,['pop'],['piano'],['relaxing'],30
vtsouval_mtg_jamendo_autotagging_00000030,anglo_pop,audio\vtsouval_mtg_jamendo_autotagging_00000030.mp3,vtsouval/mtg_jamendo_autotagging,train,30,"['pop', 'jazz']",['piano'],['relaxing'],30
vtsouval_mtg_jamendo_autotagging_00000031,anglo_pop,audio\vtsouval_mtg_jamendo_autotagging_00000031.mp3,vtsouval/mtg_jamendo_autotagging,train,31,['pop'],['piano'],['relaxing'],30
vtsouval_mtg_jamendo_autotagging_00000032,anglo_pop,audio\vtsouval_mtg_jamendo_autotagging_00000032.mp3,vtsouval/mtg_jamendo_autotagging,train,32,"['pop', 'minimal']",['piano'],['relaxing'],30
vtsouval_mtg_jamendo_autotagging_00000033,anglo_pop,audio\vtsouval_mtg_jamendo_autotagging_00000033.mp3,vtsouval/mtg_jamendo_autotagging,train,33,"['pop', 'minimal']",['piano'],['relaxing'],30
vtsouval_mtg_jamendo_autotagging_00000034,anglo_pop,audio\vtsouval_mtg_jamendo_autotagging_00000034.mp3,vtsouval/mtg_jamendo_autotagging,train,34,"['groove', 'pop']",['piano'],['relaxing'],30
vtsouval_mtg_jamendo_autotagging_00000035,anglo_pop,audio\vtsouval_mtg_jamendo_autotagging_00000035.mp3,vtsouval/mtg_jamendo_autotagging,train,35,"['groove', 'easylistening', 'pop', 'lounge']",['piano'],['relaxing'],30
vtsouval_mtg_jamendo_autotagging_00000036,anglo_pop,audio\vtsouval_mtg_jamendo_autotagging_00000036.mp3,vtsouval/mtg_jamendo_autotagging,train,36,"['groove', 'pop']",['piano'],['relaxing'],30
vtsouval_mtg_jamendo_autotagging_00000037,anglo_pop,audio\vtsouval_mtg_jamendo_autotagging_00000037.mp3,vtsouval/mtg_jamendo_autotagging,train,37,"['groove', 'pop']",['piano'],['relaxing'],30
vtsouval_mtg_jamendo_autotagging_00000038,anglo_pop,audio\vtsouval_mtg_jamendo_autotagging_00000038.mp3,vtsouval/mtg_jamendo_autotagging,train,38,"['groove', 'pop']",['piano'],['relaxing'],30
vtsouval_mtg_jamendo_autotagging_00000039,anglo_pop,audio\vtsouval_mtg_jamendo_autotagging_00000039.mp3,vtsouval/mtg_jamendo_autotagging,train,39,"['groove', 'pop']",['piano'],['relaxing'],30
vtsouval_mtg_jamendo_autotagging_00000040,anglo_pop,audio\vtsouval_mtg_jamendo_autotagging_00000040.mp3,vtsouval/mtg_jamendo_autotagging,train,40,"['groove', 'pop']",['piano'],['relaxing'],30
vtsouval_mtg_jamendo_autotagging_00000041,anglo_pop,audio\vtsouval_mtg_jamendo_autotagging_00000041.mp3,vtsouval/mtg_jamendo_autotagging,train,41,"['chanson', 'pop', 'electronic']","['synthesizer', 'computer', 'drummachine', 'guitar', 'electricguitar', 'bass', 'voice', 'keyboard', 'drums', 'sampler']",['emotional'],30
vtsouval_mtg_jamendo_autotagging_00000042,anglo_pop,audio\vtsouval_mtg_jamendo_autotagging_00000042.mp3,vtsouval/mtg_jamendo_autotagging,train,42,"['downtempo', 'soundtrack', 'easylistening', 'synthpop', 'pop', 'electronic']","['strings', 'synthesizer', 'computer', 'drummachine', 'piano', 'guitar', 'bass', 'keyboard', 'drums', 'acousticguitar', 'sampler']",['melancholic'],30
vtsouval_mtg_jamendo_autotagging_00000043,anglo_pop,audio\vtsouval_mtg_jamendo_autotagging_00000043.mp3,vtsouval/mtg_jamendo_autotagging,train,43,"['synthpop', 'pop', 'rock', 'electronic', 'poprock']","['drums', 'synthesizer', 'computer', 'drummachine', 'guitar', 'bass', 'voice']",['love'],30
vtsouval_mtg_jamendo_autotagging_00000045,anglo_pop,audio\vtsouval_mtg_jamendo_autotagging_00000045.mp3,vtsouval/mtg_jamendo_autotagging,train,45,"['soundtrack', 'easylistening', 'pop', 'electronic']","['drums', 'guitar', 'computer', 'drummachine', 'acousticguitar', 'bass', 'sampler']",['adventure'],30
vtsouval_mtg_jamendo_autotagging_00000046,anglo_pop,audio\vtsouval_mtg_jamendo_autotagging_00000046.mp3,vtsouval/mtg_jamendo_autotagging,train,46,"['downtempo', 'soundtrack', 'choir', 'orchestral', 'easylistening', 'pop', 'electronic']","['drums', 'strings', 'computer', 'drummachine', 'keyboard', 'sampler', 'bass', 'cello']",['drama'],30
vtsouval_mtg_jamendo_autotagging_00000047,anglo_pop,audio\vtsouval_mtg_jamendo_autotagging_00000047.mp3,vtsouval/mtg_jamendo_autotagging,train,47,"['soundtrack', 'orchestral', 'easylistening', 'pop', 'electronic']","['drums', 'strings', 'computer', 'drummachine', 'keyboard', 'sampler', 'bass', 'cello']",['drama'],30
vtsouval_mtg_jamendo_autotagging_00000048,anglo_pop,audio\vtsouval_mtg_jamendo_autotagging_00000048.mp3,vtsouval/mtg_jamendo_autotagging,train,48,"['pop', 'indie', 'alternative']","['drums', 'synthesizer', 'piano', 'acousticguitar', 'electricguitar', 'bass']",['melodic'],30
vtsouval_mtg_jamendo_autotagging_00000072,anglo_pop,audio\vtsouval_mtg_jamendo_autotagging_00000072.mp3,vtsouval/mtg_jamendo_autotagging,train,72,"['instrumentalpop', 'classical']",['piano'],['relaxing'],30
vtsouval_mtg_jamendo_autotagging_00000079,anglo_pop,audio\vtsouval_mtg_jamendo_autotagging_00000079.mp3,vtsouval/mtg_jamendo_autotagging,train,79,"['instrumentalpop', 'classical']",['piano'],['relaxing'],30
vtsouval_mtg_jamendo_autotagging_00000083,anglo_pop,audio\vtsouval_mtg_jamendo_autotagging_00000083.mp3,vtsouval/mtg_jamendo_autotagging,train,83,"['progressive', 'pop', 'rock']","['electricguitar', 'bass']","['ballad', 'advertising']",30
vtsouval_mtg_jamendo_autotagging_00000084,anglo_pop,audio\vtsouval_mtg_jamendo_autotagging_00000084.mp3,vtsouval/mtg_jamendo_autotagging,train,84,"['pop', 'rock', 'instrumentalpop']","['drums', 'synthesizer', 'pipeorgan', 'electricguitar', 'bass']","['emotional', 'ballad']",30
vtsouval_mtg_jamendo_autotagging_00000086,anglo_pop,audio\vtsouval_mtg_jamendo_autotagging_00000086.mp3,vtsouval/mtg_jamendo_autotagging,train,86,"['techno', 'soundtrack', 'pop', 'dance', 'electronic']","['synthesizer', 'bass', 'drummachine']",['emotional'],30
vtsouval_mtg_jamendo_autotagging_00000087,anglo_pop,audio\vtsouval_mtg_jamendo_autotagging_00000087.mp3,vtsouval/mtg_jamendo_autotagging,train,87,"['easylistening', 'instrumentalpop', 'chillout', 'electronic', 'pop']","['synthesizer', 'trumpet', 'drummachine', 'violin', 'bass']",['emotional'],30
vtsouval_mtg_jamendo_autotagging_00000088,anglo_pop,audio\vtsouval_mtg_jamendo_autotagging_00000088.mp3,vtsouval/mtg_jamendo_autotagging,train,88,"['soundtrack', 'pop', 'instrumentalpop', 'electronic']","['drums', 'pipeorgan', 'electricguitar', 'bass']",['emotional'],30
vtsouval_mtg_jamendo_autotagging_00000089,anglo_pop,audio\vtsouval_mtg_jamendo_autotagging_00000089.mp3,vtsouval/mtg_jamendo_autotagging,train,89,"['soundtrack', 'triphop', 'pop', 'electronic']","['pipeorgan', 'bass', 'drummachine', 'synthesizer']",['emotional'],30
vtsouval_mtg_jamendo_autotagging_00000102,anglo_pop,audio\vtsouval_mtg_jamendo_autotagging_00000102.mp3,vtsouval/mtg_jamendo_autotagging,train,102,"['jazzfunk', 'ambient', 'pop', 'rock', 'instrumentalpop']","['acousticguitar', 'electricguitar', 'drummachine', 'synthesizer']","['meditative', 'space']",30
vtsouval_mtg_jamendo_autotagging_00000103,anglo_pop,audio\vtsouval_mtg_jamendo_autotagging_00000103.mp3,vtsouval/mtg_jamendo_autotagging,train,103,"['jazzfunk', 'ambient', 'pop', 'rock', 'instrumentalpop']","['acousticguitar', 'electricguitar', 'drummachine', 'synthesizer']","['meditative', 'space']",30
vtsouval_mtg_jamendo_autotagging_00000104,anglo_pop,audio\vtsouval_mtg_jamendo_autotagging_00000104.mp3,vtsouval/mtg_jamendo_autotagging,train,104,"['jazzfunk', 'ambient', 'easylistening', 'rock', 'instrumentalpop', 'pop']","['acousticguitar', 'electricguitar', 'drummachine', 'synthesizer']","['meditative', 'space']",30
vtsouval_mtg_jamendo_autotagging_00000105,anglo_pop,audio\vtsouval_mtg_jamendo_autotagging_00000105.mp3,vtsouval/mtg_jamendo_autotagging,train,105,"['jazzfunk', 'ambient', 'pop', 'rock', 'instrumentalpop']","['acousticguitar', 'electricguitar', 'drummachine', 'synthesizer']","['meditative', 'space']",30
vtsouval_mtg_jamendo_autotagging_00000107,anglo_pop,audio\vtsouval_mtg_jamendo_autotagging_00000107.mp3,vtsouval/mtg_jamendo_autotagging,train,107,"['soundtrack', 'easylistening', 'pop', 'poprock']","['piano', 'acousticbassguitar', 'violin']","['nature', 'adventure']",30
vtsouval_mtg_jamendo_autotagging_00000110,anglo_pop,audio\vtsouval_mtg_jamendo_autotagging_00000110.mp3,vtsouval/mtg_jamendo_autotagging,train,110,"['pop', 'alternative']","['drummachine', 'voice', 'electricguitar', 'bass', 'cello']",['melancholic'],30
vtsouval_mtg_jamendo_autotagging_00000124,anglo_pop,audio\vtsouval_mtg_jamendo_autotagging_00000124.mp3,vtsouval/mtg_jamendo_autotagging,train,124,"['soundtrack', 'easylistening', 'synthpop', 'pop', 'electronic']","['drums', 'synthesizer', 'computer', 'drummachine', 'sampler', 'acousticguitar', 'guitar', 'keyboard']",['adventure'],30
vtsouval_mtg_jamendo_autotagging_00000125,anglo_pop,audio\vtsouval_mtg_jamendo_autotagging_00000125.mp3,vtsouval/mtg_jamendo_autotagging,train,125,"['easylistening', 'synthpop', 'pop', 'electronic']","['guitar', 'synthesizer', 'computer', 'drummachine', 'sampler', 'acousticguitar', 'bass', 'keyboard']",['adventure'],30
vtsouval_mtg_jamendo_autotagging_00000142,anglo_pop,audio\vtsouval_mtg_jamendo_autotagging_00000142.mp3,vtsouval/mtg_jamendo_autotagging,train,142,"['newage', 'contemporary', 'easylistening', 'instrumentalpop', 'pop']",['guitar'],"['emotional', 'drama']",30
vtsouval_mtg_jamendo_autotagging_00000144,anglo_pop,audio\vtsouval_mtg_jamendo_autotagging_00000144.mp3,vtsouval/mtg_jamendo_autotagging,train,144,"['pop', 'electronic']",['synthesizer'],"['romantic', 'slow']",30
vtsouval_mtg_jamendo_autotagging_00000145,anglo_pop,audio\vtsouval_mtg_jamendo_autotagging_00000145.mp3,vtsouval/mtg_jamendo_autotagging,train,145,"['easylistening', 'newage', 'pop', 'postrock']",['guitar'],['inspiring'],30
vtsouval_mtg_jamendo_autotagging_00000146,anglo_pop,audio\vtsouval_mtg_jamendo_autotagging_00000146.mp3,vtsouval/mtg_jamendo_autotagging,train,146,"['easylistening', 'newage', 'pop']",['guitar'],"['documentary', 'romantic', 'emotional']",30
vtsouval_mtg_jamendo_autotagging_00000149,anglo_pop,audio\vtsouval_mtg_jamendo_autotagging_00000149.mp3,vtsouval/mtg_jamendo_autotagging,train,149,"['soundtrack', 'pop', 'instrumentalpop', 'lounge']","['piano', 'bass', 'violin']","['emotional', 'soft']",30
vtsouval_mtg_jamendo_autotagging_00000150,anglo_pop,audio\vtsouval_mtg_jamendo_autotagging_00000150.mp3,vtsouval/mtg_jamendo_autotagging,train,150,"['pop', 'rock', 'electronic']","['guitar', 'synthesizer']","['calm', 'motivational', 'happy']",30
vtsouval_mtg_jamendo_autotagging_00000152,anglo_pop,audio\vtsouval_mtg_jamendo_autotagging_00000152.mp3,vtsouval/mtg_jamendo_autotagging,train,152,"['triphop', 'pop', 'electronic']",['synthesizer'],['soft'],30
vtsouval_mtg_jamendo_autotagging_00000162,anglo_pop,audio\vtsouval_mtg_jamendo_autotagging_00000162.mp3,vtsouval/mtg_jamendo_autotagging,train,162,"['triphop', 'pop', 'electronic']","['drums', 'synthesizer', 'electricguitar', 'bass']",['ballad'],30
vtsouval_mtg_jamendo_autotagging_00000163,anglo_pop,audio\vtsouval_mtg_jamendo_autotagging_00000163.mp3,vtsouval/mtg_jamendo_autotagging,train,163,"['triphop', 'pop', 'electronic']","['drums', 'synthesizer', 'bass']",['ballad'],30
vtsouval_mtg_jamendo_autotagging_00000164,anglo_pop,audio\vtsouval_mtg_jamendo_autotagging_00000164.mp3,vtsouval/mtg_jamendo_autotagging,train,164,"['pop', 'electronic']","['drums', 'pipeorgan', 'bass', 'synthesizer']",['ballad'],30
vtsouval_mtg_jamendo_autotagging_00000165,anglo_pop,audio\vtsouval_mtg_jamendo_autotagging_00000165.mp3,vtsouval/mtg_jamendo_autotagging,train,165,"['triphop', 'pop', 'electronic']","['drums', 'synthesizer', 'bass']",['ballad'],30
vtsouval_mtg_jamendo_autotagging_00000169,anglo_pop,audio\vtsouval_mtg_jamendo_autotagging_00000169.mp3,vtsouval/mtg_jamendo_autotagging,train,169,"['pop', 'rock', 'instrumentalpop']",['guitar'],"['ballad', 'slow']",30
vtsouval_mtg_jamendo_autotagging_00000185,anglo_pop,audio\vtsouval_mtg_jamendo_autotagging_00000185.mp3,vtsouval/mtg_jamendo_autotagging,train,185,"['soundtrack', 'pop', 'electronic']","['drums', 'synthesizer']","['dramatic', 'epic']",30
vtsouval_mtg_jamendo_autotagging_00000197,anglo_pop,audio\vtsouval_mtg_jamendo_autotagging_00000197.mp3,vtsouval/mtg_jamendo_autotagging,train,197,"['pop', 'indie', 'alternative', 'rock']","['drums', 'synthesizer', 'voice', 'electricguitar', 'bass']",['ballad'],30
vtsouval_mtg_jamendo_autotagging_00000199,anglo_pop,audio\vtsouval_mtg_jamendo_autotagging_00000199.mp3,vtsouval/mtg_jamendo_autotagging,train,199,"['easylistening', 'rock', 'pop', 'ambient']","['piano', 'electricguitar']",['film'],30
vtsouval_mtg_jamendo_autotagging_00000204,anglo_pop,audio\vtsouval_mtg_jamendo_autotagging_00000204.mp3,vtsouval/mtg_jamendo_autotagging,train,204,"['blues', 'pop', 'rock']",['guitar'],['sexy'],30
vtsouval_mtg_jamendo_autotagging_00000237,anglo_pop,audio\vtsouval_mtg_jamendo_autotagging_00000237.mp3,vtsouval/mtg_jamendo_autotagging,train,237,"['folk', 'easylistening', 'pop']","['acousticguitar', 'bass']",['commercial'],30
vtsouval_mtg_jamendo_autotagging_00000238,anglo_pop,audio\vtsouval_mtg_jamendo_autotagging_00000238.mp3,vtsouval/mtg_jamendo_autotagging,train,238,"['folk', 'easylistening', 'pop']","['acousticguitar', 'bass']",['commercial'],30
vtsouval_mtg_jamendo_autotagging_00000239,anglo_pop,audio\vtsouval_mtg_jamendo_autotagging_00000239.mp3,vtsouval/mtg_jamendo_autotagging,train,239,"['soundtrack', 'folk', 'easylistening', 'pop']","['acousticguitar', 'bass']",['drama'],30
vtsouval_mtg_jamendo_autotagging_00000240,anglo_pop,audio\vtsouval_mtg_jamendo_autotagging_00000240.mp3,vtsouval/mtg_jamendo_autotagging,train,240,"['folk', 'easylistening', 'pop']","['acousticguitar', 'bass']",['commercial'],30
vtsouval_mtg_jamendo_autotagging_00000241,anglo_pop,audio\vtsouval_mtg_jamendo_autotagging_00000241.mp3,vtsouval/mtg_jamendo_autotagging,train,241,"['folk', 'pop', 'rock']","['acousticguitar', 'bass']",['commercial'],30
vtsouval_mtg_jamendo_autotagging_00000242,anglo_pop,audio\vtsouval_mtg_jamendo_autotagging_00000242.mp3,vtsouval/mtg_jamendo_autotagging,train,242,"['folk', 'easylistening', 'pop']","['acousticguitar', 'bass']",['commercial'],30
vtsouval_mtg_jamendo_autotagging_00000243,anglo_pop,audio\vtsouval_mtg_jamendo_autotagging_00000243.mp3,vtsouval/mtg_jamendo_autotagging,train,243,"['folk', 'easylistening', 'pop']","['acousticguitar', 'bass']","['emotional', 'drama']",30
vtsouval_mtg_jamendo_autotagging_00000244,anglo_pop,audio\vtsouval_mtg_jamendo_autotagging_00000244.mp3,vtsouval/mtg_jamendo_autotagging,train,244,"['folk', 'easylistening', 'pop']","['acousticguitar', 'bass']",['commercial'],30
vtsouval_mtg_jamendo_autotagging_00000245,anglo_pop,audio\vtsouval_mtg_jamendo_autotagging_00000245.mp3,vtsouval/mtg_jamendo_autotagging,train,245,"['folk', 'easylistening', 'pop']","['acousticguitar', 'bass']",['commercial'],30
vtsouval_mtg_jamendo_autotagging_00000246,anglo_pop,audio\vtsouval_mtg_jamendo_autotagging_00000246.mp3,vtsouval/mtg_jamendo_autotagging,train,246,"['folk', 'easylistening', 'pop']","['acousticguitar', 'bass']","['emotional', 'drama']",30
vtsouval_mtg_jamendo_autotagging_00000247,anglo_pop,audio\vtsouval_mtg_jamendo_autotagging_00000247.mp3,vtsouval/mtg_jamendo_autotagging,train,247,"['pop', 'instrumentalpop']","['electricguitar', 'drummachine']",['dream'],30
vtsouval_mtg_jamendo_autotagging_00000250,anglo_pop,audio\vtsouval_mtg_jamendo_autotagging_00000250.mp3,vtsouval/mtg_jamendo_autotagging,train,250,"['blues', 'pop', 'chanson']",['voice'],['cool'],30
vtsouval_mtg_jamendo_autotagging_00000251,anglo_pop,audio\vtsouval_mtg_jamendo_autotagging_00000251.mp3,vtsouval/mtg_jamendo_autotagging,train,251,"['blues', 'pop', 'chanson']",['voice'],['cool'],30
vtsouval_mtg_jamendo_autotagging_00000252,anglo_pop,audio\vtsouval_mtg_jamendo_autotagging_00000252.mp3,vtsouval/mtg_jamendo_autotagging,train,252,"['blues', 'pop', 'chanson']",['voice'],['cool'],30
vtsouval_mtg_jamendo_autotagging_00000253,anglo_pop,audio\vtsouval_mtg_jamendo_autotagging_00000253.mp3,vtsouval/mtg_jamendo_autotagging,train,253,"['blues', 'pop', 'chanson']",['voice'],['cool'],30
vtsouval_mtg_jamendo_autotagging_00000254,anglo_pop,audio\vtsouval_mtg_jamendo_autotagging_00000254.mp3,vtsouval/mtg_jamendo_autotagging,train,254,"['blues', 'pop', 'chanson']",['voice'],['cool'],30
vtsouval_mtg_jamendo_autotagging_00000255,anglo_pop,audio\vtsouval_mtg_jamendo_autotagging_00000255.mp3,vtsouval/mtg_jamendo_autotagging,train,255,"['chanson', 'folk', 'pop']",['voice'],['cool'],30
vtsouval_mtg_jamendo_autotagging_00000256,anglo_pop,audio\vtsouval_mtg_jamendo_autotagging_00000256.mp3,vtsouval/mtg_jamendo_autotagging,train,256,"['blues', 'pop', 'chanson']",['voice'],['cool'],30
vtsouval_mtg_jamendo_autotagging_00000257,anglo_pop,audio\vtsouval_mtg_jamendo_autotagging_00000257.mp3,vtsouval/mtg_jamendo_autotagging,train,257,"['blues', 'pop', 'chanson']",['voice'],['cool'],30
vtsouval_mtg_jamendo_autotagging_00000259,anglo_pop,audio\vtsouval_mtg_jamendo_autotagging_00000259.mp3,vtsouval/mtg_jamendo_autotagging,train,259,"['blues', 'pop', 'chanson']",['voice'],['cool'],30
vtsouval_mtg_jamendo_autotagging_00000260,anglo_pop,audio\vtsouval_mtg_jamendo_autotagging_00000260.mp3,vtsouval/mtg_jamendo_autotagging,train,260,"['blues', 'pop', 'country', 'chanson']",['voice'],['cool'],30
vtsouval_mtg_jamendo_autotagging_00000261,anglo_pop,audio\vtsouval_mtg_jamendo_autotagging_00000261.mp3,vtsouval/mtg_jamendo_autotagging,train,261,"['electropop', 'electronic']",['synthesizer'],['space'],30
vtsouval_mtg_jamendo_autotagging_00000262,anglo_pop,audio\vtsouval_mtg_jamendo_autotagging_00000262.mp3,vtsouval/mtg_jamendo_autotagging,train,262,"['electropop', 'electronic']",['synthesizer'],['space'],30
vtsouval_mtg_jamendo_autotagging_00000263,anglo_pop,audio\vtsouval_mtg_jamendo_autotagging_00000263.mp3,vtsouval/mtg_jamendo_autotagging,train,263,"['electropop', 'electronic']",['synthesizer'],['space'],30
vtsouval_mtg_jamendo_autotagging_00000264,anglo_pop,audio\vtsouval_mtg_jamendo_autotagging_00000264.mp3,vtsouval/mtg_jamendo_autotagging,train,264,"['electropop', 'electronic']",['synthesizer'],['space'],30
vtsouval_mtg_jamendo_autotagging_00000266,anglo_pop,audio\vtsouval_mtg_jamendo_autotagging_00000266.mp3,vtsouval/mtg_jamendo_autotagging,train,266,"['easylistening', 'rock', 'pop', 'poprock']","['synthesizer', 'electricguitar', 'bass']",['commercial'],30
vtsouval_mtg_jamendo_autotagging_00000267,anglo_pop,audio\vtsouval_mtg_jamendo_autotagging_00000267.mp3,vtsouval/mtg_jamendo_autotagging,train,267,"['pop', 'electronic']","['drums', 'synthesizer', 'bass']",['commercial'],30
vtsouval_mtg_jamendo_autotagging_00000268,anglo_pop,audio\vtsouval_mtg_jamendo_autotagging_00000268.mp3,vtsouval/mtg_jamendo_autotagging,train,268,"['pop', 'rock', 'electronic', 'poprock']","['drums', 'synthesizer', 'electricguitar', 'bass']",['commercial'],30
vtsouval_mtg_jamendo_autotagging_00000269,anglo_pop,audio\vtsouval_mtg_jamendo_autotagging_00000269.mp3,vtsouval/mtg_jamendo_autotagging,train,269,"['pop', 'rock', 'industrial', 'poprock']","['drums', 'synthesizer', 'electricguitar', 'bass']","['sport', 'energetic']",30
vtsouval_mtg_jamendo_autotagging_00000270,anglo_pop,audio\vtsouval_mtg_jamendo_autotagging_00000270.mp3,vtsouval/mtg_jamendo_autotagging,train,270,"['pop', 'rock', 'poprock']","['drums', 'electricguitar', 'bass']",['commercial'],30
vtsouval_mtg_jamendo_autotagging_00000271,anglo_pop,audio\vtsouval_mtg_jamendo_autotagging_00000271.mp3,vtsouval/mtg_jamendo_autotagging,train,271,"['pop', 'rock', 'industrial']","['drums', 'synthesizer', 'electricguitar', 'bass']","['sport', 'energetic']",30
vtsouval_mtg_jamendo_autotagging_00000272,anglo_pop,audio\vtsouval_mtg_jamendo_autotagging_00000272.mp3,vtsouval/mtg_jamendo_autotagging,train,272,"['pop', 'rock', 'industrial']","['drums', 'synthesizer', 'electricguitar', 'bass']",['sport'],30
vtsouval_mtg_jamendo_autotagging_00000273,anglo_pop,audio\vtsouval_mtg_jamendo_autotagging_00000273.mp3,vtsouval/mtg_jamendo_autotagging,train,273,"['pop', 'rock', 'industrial']","['synthesizer', 'electricguitar', 'bass']",['sport'],30
vtsouval_mtg_jamendo_autotagging_00000275,anglo_pop,audio\vtsouval_mtg_jamendo_autotagging_00000275.mp3,vtsouval/mtg_jamendo_autotagging,train,275,"['pop', 'electronic']",['synthesizer'],['romantic'],30
vtsouval_mtg_jamendo_autotagging_00000276,anglo_pop,audio\vtsouval_mtg_jamendo_autotagging_00000276.mp3,vtsouval/mtg_jamendo_autotagging,train,276,"['pop', 'electronic']",['synthesizer'],['romantic'],30
vtsouval_mtg_jamendo_autotagging_00000277,anglo_pop,audio\vtsouval_mtg_jamendo_autotagging_00000277.mp3,vtsouval/mtg_jamendo_autotagging,train,277,"['folk', 'instrumentalpop']",['guitar'],['calm'],30
vtsouval_mtg_jamendo_autotagging_00000278,anglo_pop,audio\vtsouval_mtg_jamendo_autotagging_00000278.mp3,vtsouval/mtg_jamendo_autotagging,train,278,"['folk', 'instrumentalpop']",['guitar'],['calm'],30
vtsouval_mtg_jamendo_autotagging_00000279,anglo_pop,audio\vtsouval_mtg_jamendo_autotagging_00000279.mp3,vtsouval/mtg_jamendo_autotagging,train,279,"['folk', 'instrumentalpop']",['guitar'],['calm'],30
vtsouval_mtg_jamendo_autotagging_00000280,anglo_pop,audio\vtsouval_mtg_jamendo_autotagging_00000280.mp3,vtsouval/mtg_jamendo_autotagging,train,280,"['folk', 'instrumentalpop']",['guitar'],['calm'],30
vtsouval_mtg_jamendo_autotagging_00000281,anglo_pop,audio\vtsouval_mtg_jamendo_autotagging_00000281.mp3,vtsouval/mtg_jamendo_autotagging,train,281,"['folk', 'alternative', 'hard', 'indie', 'pop', 'rock']","['drums', 'guitar', 'bass']","['emotional', 'horror', 'drama', 'melodic']",30
vtsouval_mtg_jamendo_autotagging_00000282,anglo_pop,audio\vtsouval_mtg_jamendo_autotagging_00000282.mp3,vtsouval/mtg_jamendo_autotagging,train,282,"['latin', 'rock', 'pop', 'indie', 'electronic', 'jazz']","['drums', 'guitar', 'bass', 'synthesizer']","['emotional', 'adventure', 'drama']",30
vtsouval_mtg_jamendo_autotagging_00000283,anglo_pop,audio\vtsouval_mtg_jamendo_autotagging_00000283.mp3,vtsouval/mtg_jamendo_autotagging,train,283,"['folk', 'pop', 'indie', 'chillout', 'rock']","['drums', 'guitar', 'bass', 'synthesizer']","['dream', 'emotional', 'dark', 'drama']",30
vtsouval_mtg_jamendo_autotagging_00000284,anglo_pop,audio\vtsouval_mtg_jamendo_autotagging_00000284.mp3,vtsouval/mtg_jamendo_autotagging,train,284,"['folk', 'popfolk', 'soundtrack', 'pop', 'indie', 'chillout', 'rock']","['drums', 'guitar', 'bass']","['emotional', 'ballad', 'sad', 'drama']",30
vtsouval_mtg_jamendo_autotagging_00000285,anglo_pop,audio\vtsouval_mtg_jamendo_autotagging_00000285.mp3,vtsouval/mtg_jamendo_autotagging,train,285,"['folk', 'soundtrack', 'pop', 'indie', 'rock']","['drums', 'guitar', 'bass']","['emotional', 'adventure', 'drama']",30
vtsouval_mtg_jamendo_autotagging_00000286,anglo_pop,audio\vtsouval_mtg_jamendo_autotagging_00000286.mp3,vtsouval/mtg_jamendo_autotagging,train,286,"['rock', 'soundtrack', 'hard', 'indie', 'pop', 'hardrock']","['drums', 'guitar', 'bass', 'synthesizer']","['adventure', 'drama']",30
vtsouval_mtg_jamendo_autotagging_00000287,anglo_pop,audio\vtsouval_mtg_jamendo_autotagging_00000287.mp3,vtsouval/mtg_jamendo_autotagging,train,287,"['latin', 'rock', 'pop', 'indie', 'experimental']","['drums', 'guitar', 'bass']","['emotional', 'adventure', 'horror', 'drama']",30
vtsouval_mtg_jamendo_autotagging_00000288,anglo_pop,audio\vtsouval_mtg_jamendo_autotagging_00000288.mp3,vtsouval/mtg_jamendo_autotagging,train,288,"['popfolk', 'soundtrack', 'easylistening', 'indie', 'pop', 'chillout', 'rock']","['drums', 'guitar', 'bass']","['emotional', 'soft', 'ballad', 'drama']",30
vtsouval_mtg_jamendo_autotagging_00000289,anglo_pop,audio\vtsouval_mtg_jamendo_autotagging_00000289.mp3,vtsouval/mtg_jamendo_autotagging,train,289,"['alternative', 'dance', 'soundtrack', 'pop', 'indie', 'rock']","['drums', 'guitar', 'bass']","['travel', 'adventure']",30
vtsouval_mtg_jamendo_autotagging_00000290,anglo_pop,audio\vtsouval_mtg_jamendo_autotagging_00000290.mp3,vtsouval/mtg_jamendo_autotagging,train,290,"['alternative', 'hard', 'indie', 'pop', 'electronic', 'rock']","['drums', 'guitar', 'bass']","['emotional', 'horror', 'drama']",30
vtsouval_mtg_jamendo_autotagging_00000291,anglo_pop,audio\vtsouval_mtg_jamendo_autotagging_00000291.mp3,vtsouval/mtg_jamendo_autotagging,train,291,"['soundtrack', 'indie', 'pop', 'rock', 'experimental']","['drums', 'guitar']","['horror', 'emotional', 'funny', 'dark', 'drama']",30
vtsouval_mtg_jamendo_autotagging_00000292,anglo_pop,audio\vtsouval_mtg_jamendo_autotagging_00000292.mp3,vtsouval/mtg_jamendo_autotagging,train,292,"['pop', 'indie', 'electronic', 'rock']","['drums', 'guitar', 'bass', 'synthesizer']","['funny', 'dark']",30
vtsouval_mtg_jamendo_autotagging_00000293,anglo_pop,audio\vtsouval_mtg_jamendo_autotagging_00000293.mp3,vtsouval/mtg_jamendo_autotagging,train,293,"['folk', 'popfolk', 'pop', 'indie', 'rock']","['drums', 'guitar', 'bass']","['emotional', 'adventure', 'travel', 'drama']",30
vtsouval_mtg_jamendo_autotagging_00000294,anglo_pop,audio\vtsouval_mtg_jamendo_autotagging_00000294.mp3,vtsouval/mtg_jamendo_autotagging,train,294,"['folk', 'soundtrack', 'pop', 'indie', 'rock']","['drums', 'guitar', 'bass']","['travel', 'adventure', 'drama']",30
vtsouval_mtg_jamendo_autotagging_00000295,anglo_pop,audio\vtsouval_mtg_jamendo_autotagging_00000295.mp3,vtsouval/mtg_jamendo_autotagging,train,295,"['folk', 'popfolk', 'singersongwriter', 'soundtrack', 'pop', 'indie', 'chillout', 'rock']",['guitar'],"['emotional', 'soft', 'drama']",30
vtsouval_mtg_jamendo_autotagging_00000296,anglo_pop,audio\vtsouval_mtg_jamendo_autotagging_00000296.mp3,vtsouval/mtg_jamendo_autotagging,train,296,"['folk', 'popfolk', 'soundtrack', 'pop', 'indie', 'country', 'rock']","['drums', 'guitar', 'bass']","['emotional', 'soft']",30
vtsouval_mtg_jamendo_autotagging_00000297,anglo_pop,audio\vtsouval_mtg_jamendo_autotagging_00000297.mp3,vtsouval/mtg_jamendo_autotagging,train,297,"['folk', 'soundtrack', 'pop', 'indie', 'rock']","['drums', 'guitar', 'bass']","['emotional', 'soft']",30
vtsouval_mtg_jamendo_autotagging_00000298,anglo_pop,audio\vtsouval_mtg_jamendo_autotagging_00000298.mp3,vtsouval/mtg_jamendo_autotagging,train,298,"['folk', 'rock', 'soundtrack', 'pop', 'indie', 'hardrock']","['drums', 'guitar', 'bass']","['sport', 'adventure', 'travel']",30
vtsouval_mtg_jamendo_autotagging_00000299,anglo_pop,audio\vtsouval_mtg_jamendo_autotagging_00000299.mp3,vtsouval/mtg_jamendo_autotagging,train,299,"['folk', 'popfolk', 'singersongwriter', 'soundtrack', 'pop', 'indie', 'chillout', 'rock']",['guitar'],"['emotional', 'soft', 'drama']",30
vtsouval_mtg_jamendo_autotagging_00000300,anglo_pop,audio\vtsouval_mtg_jamendo_autotagging_00000300.mp3,vtsouval/mtg_jamendo_autotagging,train,300,"['folk', 'soundtrack', 'singersongwriter', 'country', 'rock', 'popfolk', 'pop', 'indie', 'chillout']",['guitar'],"['emotional', 'soft', 'drama']",30
vtsouval_mtg_jamendo_autotagging_00000301,anglo_pop,audio\vtsouval_mtg_jamendo_autotagging_00000301.mp3,vtsouval/mtg_jamendo_autotagging,train,301,"['folk', 'pop', 'indie', 'rock']","['bass', 'guitar', 'accordion', 'drums']",['adventure'],30
vtsouval_mtg_jamendo_autotagging_00000302,anglo_pop,audio\vtsouval_mtg_jamendo_autotagging_00000302.mp3,vtsouval/mtg_jamendo_autotagging,train,302,"['folk', 'soundtrack', 'pop', 'indie', 'chillout', 'rock']","['drums', 'guitar', 'bass']","['emotional', 'drama']",30
vtsouval_mtg_jamendo_autotagging_00000323,anglo_pop,audio\vtsouval_mtg_jamendo_autotagging_00000323.mp3,vtsouval/mtg_jamendo_autotagging,train,323,"['pop', 'rock']","['drums', 'guitar', 'bass', 'piano']",['love'],30
vtsouval_mtg_jamendo_autotagging_00000324,anglo_pop,audio\vtsouval_mtg_jamendo_autotagging_00000324.mp3,vtsouval/mtg_jamendo_autotagging,train,324,"['pop', 'rock']","['drums', 'guitar', 'bass', 'piano']",['love'],30
vtsouval_mtg_jamendo_autotagging_00000325,anglo_pop,audio\vtsouval_mtg_jamendo_autotagging_00000325.mp3,vtsouval/mtg_jamendo_autotagging,train,325,"['pop', 'rock']","['drums', 'guitar', 'bass', 'piano']",['love'],30
vtsouval_mtg_jamendo_autotagging_00000326,anglo_pop,audio\vtsouval_mtg_jamendo_autotagging_00000326.mp3,vtsouval/mtg_jamendo_autotagging,train,326,"['pop', 'rock']","['drums', 'guitar', 'bass', 'piano']",['love'],30
vtsouval_mtg_jamendo_autotagging_00000327,anglo_pop,audio\vtsouval_mtg_jamendo_autotagging_00000327.mp3,vtsouval/mtg_jamendo_autotagging,train,327,"['pop', 'rock']","['drums', 'guitar', 'bass', 'piano']",['love'],30
vtsouval_mtg_jamendo_autotagging_00000328,anglo_pop,audio\vtsouval_mtg_jamendo_autotagging_00000328.mp3,vtsouval/mtg_jamendo_autotagging,train,328,['pop'],['guitar'],['mellow'],30
vtsouval_mtg_jamendo_autotagging_00000329,anglo_pop,audio\vtsouval_mtg_jamendo_autotagging_00000329.mp3,vtsouval/mtg_jamendo_autotagging,train,329,['pop'],['guitar'],['mellow'],30
vtsouval_mtg_jamendo_autotagging_00000330,anglo_pop,audio\vtsouval_mtg_jamendo_autotagging_00000330.mp3,vtsouval/mtg_jamendo_autotagging,train,330,['pop'],['guitar'],['mellow'],30
vtsouval_mtg_jamendo_autotagging_00000331,anglo_pop,audio\vtsouval_mtg_jamendo_autotagging_00000331.mp3,vtsouval/mtg_jamendo_autotagging,train,331,['pop'],['guitar'],['mellow'],30
vtsouval_mtg_jamendo_autotagging_00000332,anglo_pop,audio\vtsouval_mtg_jamendo_autotagging_00000332.mp3,vtsouval/mtg_jamendo_autotagging,train,332,['pop'],['guitar'],['mellow'],30
vtsouval_mtg_jamendo_autotagging_00000333,anglo_pop,audio\vtsouval_mtg_jamendo_autotagging_00000333.mp3,vtsouval/mtg_jamendo_autotagging,train,333,['pop'],['guitar'],['mellow'],30
vtsouval_mtg_jamendo_autotagging_00000334,anglo_pop,audio\vtsouval_mtg_jamendo_autotagging_00000334.mp3,vtsouval/mtg_jamendo_autotagging,train,334,['pop'],['guitar'],['mellow'],30
vtsouval_mtg_jamendo_autotagging_00000335,anglo_pop,audio\vtsouval_mtg_jamendo_autotagging_00000335.mp3,vtsouval/mtg_jamendo_autotagging,train,335,['pop'],['guitar'],['mellow'],30
vtsouval_mtg_jamendo_autotagging_00000336,anglo_pop,audio\vtsouval_mtg_jamendo_autotagging_00000336.mp3,vtsouval/mtg_jamendo_autotagging,train,336,['pop'],['guitar'],['mellow'],30
vtsouval_mtg_jamendo_autotagging_00000337,anglo_pop,audio\vtsouval_mtg_jamendo_autotagging_00000337.mp3,vtsouval/mtg_jamendo_autotagging,train,337,['pop'],['guitar'],['mellow'],30
vtsouval_mtg_jamendo_autotagging_00000353,anglo_pop,audio\vtsouval_mtg_jamendo_autotagging_00000353.mp3,vtsouval/mtg_jamendo_autotagging,train,353,"['blues', 'pop', 'instrumentalpop']",['guitar'],['calm'],30
vtsouval_mtg_jamendo_autotagging_00000354,anglo_pop,audio\vtsouval_mtg_jamendo_autotagging_00000354.mp3,vtsouval/mtg_jamendo_autotagging,train,354,"['blues', 'pop', 'instrumentalpop']",['guitar'],['calm'],30
vtsouval_mtg_jamendo_autotagging_00000358,anglo_pop,audio\vtsouval_mtg_jamendo_autotagging_00000358.mp3,vtsouval/mtg_jamendo_autotagging,train,358,"['pop', 'rock', 'alternative']",['guitar'],['melodic'],30
vtsouval_mtg_jamendo_autotagging_00000359,anglo_pop,audio\vtsouval_mtg_jamendo_autotagging_00000359.mp3,vtsouval/mtg_jamendo_autotagging,train,359,"['folk', 'pop', 'indie', 'alternative']",['guitar'],['melodic'],30
vtsouval_mtg_jamendo_autotagging_00000360,anglo_pop,audio\vtsouval_mtg_jamendo_autotagging_00000360.mp3,vtsouval/mtg_jamendo_autotagging,train,360,"['pop', 'indie', 'alternative']",['guitar'],"['melodic', 'slow']",30
vtsouval_mtg_jamendo_autotagging_00000361,anglo_pop,audio\vtsouval_mtg_jamendo_autotagging_00000361.mp3,vtsouval/mtg_jamendo_autotagging,train,361,"['pop', 'indie', 'latin', 'alternative']","['piano', 'guitar']",['slow'],30
vtsouval_mtg_jamendo_autotagging_00000362,anglo_pop,audio\vtsouval_mtg_jamendo_autotagging_00000362.mp3,vtsouval/mtg_jamendo_autotagging,train,362,"['pop', 'indie', 'alternative', 'rock']",['piano'],['melodic'],30
vtsouval_mtg_jamendo_autotagging_00000366,anglo_pop,audio\vtsouval_mtg_jamendo_autotagging_00000366.mp3,vtsouval/mtg_jamendo_autotagging,train,366,"['rock', 'instrumentalpop']","['drums', 'drummachine', 'acousticguitar', 'bass', 'keyboard']","['sport', 'commercial']",30
vtsouval_mtg_jamendo_autotagging_00000374,anglo_pop,audio\vtsouval_mtg_jamendo_autotagging_00000374.mp3,vtsouval/mtg_jamendo_autotagging,train,374,"['soundtrack', 'pop', 'rock', 'electronic', 'poprock']","['drums', 'synthesizer', 'bass', 'piano']",['drama'],30
vtsouval_mtg_jamendo_autotagging_00000375,anglo_pop,audio\vtsouval_mtg_jamendo_autotagging_00000375.mp3,vtsouval/mtg_jamendo_autotagging,train,375,"['pop', 'rock', 'industrial', 'poprock']","['drums', 'synthesizer', 'bass', 'piano']",['sport'],30
vtsouval_mtg_jamendo_autotagging_00000376,anglo_pop,audio\vtsouval_mtg_jamendo_autotagging_00000376.mp3,vtsouval/mtg_jamendo_autotagging,train,376,"['pop', 'rock', 'electronic', 'poprock']","['drums', 'synthesizer', 'piano', 'electricguitar', 'bass']",['commercial'],30
vtsouval_mtg_jamendo_autotagging_00000377,anglo_pop,audio\vtsouval_mtg_jamendo_autotagging_00000377.mp3,vtsouval/mtg_jamendo_autotagging,train,377,"['soundtrack', 'easylistening', 'pop', 'electronic']","['piano', 'acousticguitar', 'synthesizer']",['drama'],30
vtsouval_mtg_jamendo_autotagging_00000378,anglo_pop,audio\vtsouval_mtg_jamendo_autotagging_00000378.mp3,vtsouval/mtg_jamendo_autotagging,train,378,"['pop', 'rock', 'industrial']","['synthesizer', 'electricguitar']",['sport'],30
vtsouval_mtg_jamendo_autotagging_00000379,anglo_pop,audio\vtsouval_mtg_jamendo_autotagging_00000379.mp3,vtsouval/mtg_jamendo_autotagging,train,379,"['pop', 'rock', 'poprock']","['drums', 'bass', 'piano']",['drama'],30
vtsouval_mtg_jamendo_autotagging_00000380,anglo_pop,audio\vtsouval_mtg_jamendo_autotagging_00000380.mp3,vtsouval/mtg_jamendo_autotagging,train,380,"['pop', 'rock', 'industrial']","['synthesizer', 'electricguitar', 'bass']",['sport'],30
vtsouval_mtg_jamendo_autotagging_00000381,anglo_pop,audio\vtsouval_mtg_jamendo_autotagging_00000381.mp3,vtsouval/mtg_jamendo_autotagging,train,381,"['pop', 'rock', 'industrial']","['drums', 'synthesizer', 'electricguitar', 'bass']",['sport'],30
vtsouval_mtg_jamendo_autotagging_00000411,anglo_pop,audio\vtsouval_mtg_jamendo_autotagging_00000411.mp3,vtsouval/mtg_jamendo_autotagging,train,411,"['pop', 'ambient', 'electronic', 'atmospheric']",['guitar'],['melodic'],30
vtsouval_mtg_jamendo_autotagging_00000414,anglo_pop,audio\vtsouval_mtg_jamendo_autotagging_00000414.mp3,vtsouval/mtg_jamendo_autotagging,train,414,"['electropop', 'electronic']","['guitar', 'synthesizer']","['energetic', 'happy']",30
vtsouval_mtg_jamendo_autotagging_00000415,anglo_pop,audio\vtsouval_mtg_jamendo_autotagging_00000415.mp3,vtsouval/mtg_jamendo_autotagging,train,415,"['pop', 'synthpop', 'electronic']","['drums', 'strings', 'synthesizer']","['soft', 'energetic']",30
vtsouval_mtg_jamendo_autotagging_00000417,anglo_pop,audio\vtsouval_mtg_jamendo_autotagging_00000417.mp3,vtsouval/mtg_jamendo_autotagging,train,417,"['pop', 'popfolk', 'electronic']","['guitar', 'synthesizer']","['inspiring', 'relaxing', 'meditative', 'happy']",30
vtsouval_mtg_jamendo_autotagging_00000426,anglo_pop,audio\vtsouval_mtg_jamendo_autotagging_00000426.mp3,vtsouval/mtg_jamendo_autotagging,train,426,"['triphop', 'pop', 'electronic']",['piano'],['sad'],30
vtsouval_mtg_jamendo_autotagging_00000438,anglo_pop,audio\vtsouval_mtg_jamendo_autotagging_00000438.mp3,vtsouval/mtg_jamendo_autotagging,train,438,"['pop', 'electronic']",['synthesizer'],['space'],30
vtsouval_mtg_jamendo_autotagging_00000439,anglo_pop,audio\vtsouval_mtg_jamendo_autotagging_00000439.mp3,vtsouval/mtg_jamendo_autotagging,train,439,"['pop', 'electronic']",['synthesizer'],['space'],30
vtsouval_mtg_jamendo_autotagging_00000440,anglo_pop,audio\vtsouval_mtg_jamendo_autotagging_00000440.mp3,vtsouval/mtg_jamendo_autotagging,train,440,"['pop', 'electronic']",['synthesizer'],['space'],30
vtsouval_mtg_jamendo_autotagging_00000441,anglo_pop,audio\vtsouval_mtg_jamendo_autotagging_00000441.mp3,vtsouval/mtg_jamendo_autotagging,train,441,"['pop', 'electronic']",['synthesizer'],['space'],30
vtsouval_mtg_jamendo_autotagging_00000442,anglo_pop,audio\vtsouval_mtg_jamendo_autotagging_00000442.mp3,vtsouval/mtg_jamendo_autotagging,train,442,"['pop', 'electronic']",['synthesizer'],['space'],30
vtsouval_mtg_jamendo_autotagging_00000443,anglo_pop,audio\vtsouval_mtg_jamendo_autotagging_00000443.mp3,vtsouval/mtg_jamendo_autotagging,train,443,"['pop', 'electronic']",['synthesizer'],['space'],30
vtsouval_mtg_jamendo_autotagging_00000444,anglo_pop,audio\vtsouval_mtg_jamendo_autotagging_00000444.mp3,vtsouval/mtg_jamendo_autotagging,train,444,"['pop', 'electronic']",['synthesizer'],['space'],30
vtsouval_mtg_jamendo_autotagging_00000447,anglo_pop,audio\vtsouval_mtg_jamendo_autotagging_00000447.mp3,vtsouval/mtg_jamendo_autotagging,train,447,"['chanson', 'ambient', 'poprock']","['electricguitar', 'bass']","['emotional', 'melodic']",30
vtsouval_mtg_jamendo_autotagging_00000462,anglo_pop,audio\vtsouval_mtg_jamendo_autotagging_00000462.mp3,vtsouval/mtg_jamendo_autotagging,train,462,"['blues', 'pop', 'rock', 'instrumentalpop']",['guitar'],['cool'],30
vtsouval_mtg_jamendo_autotagging_00000463,anglo_pop,audio\vtsouval_mtg_jamendo_autotagging_00000463.mp3,vtsouval/mtg_jamendo_autotagging,train,463,"['soundtrack', 'pop', 'rock', 'poprock']","['drums', 'electricguitar', 'bass', 'piano']","['emotional', 'drama']",30
vtsouval_mtg_jamendo_autotagging_00000464,anglo_pop,audio\vtsouval_mtg_jamendo_autotagging_00000464.mp3,vtsouval/mtg_jamendo_autotagging,train,464,"['folk', 'pop', 'rock', 'popfolk']","['drums', 'acousticguitar', 'bass']",['commercial'],30
vtsouval_mtg_jamendo_autotagging_00000465,anglo_pop,audio\vtsouval_mtg_jamendo_autotagging_00000465.mp3,vtsouval/mtg_jamendo_autotagging,train,465,"['pop', 'rock']","['drums', 'electricguitar', 'bass']","['sport', 'energetic']",30
vtsouval_mtg_jamendo_autotagging_00000466,anglo_pop,audio\vtsouval_mtg_jamendo_autotagging_00000466.mp3,vtsouval/mtg_jamendo_autotagging,train,466,"['soundtrack', 'easylistening', 'pop']",['piano'],"['emotional', 'drama']",30
vtsouval_mtg_jamendo_autotagging_00000467,anglo_pop,audio\vtsouval_mtg_jamendo_autotagging_00000467.mp3,vtsouval/mtg_jamendo_autotagging,train,467,"['pop', 'rock']","['drums', 'electricguitar', 'bass']","['sport', 'energetic']",30
vtsouval_mtg_jamendo_autotagging_00000468,anglo_pop,audio\vtsouval_mtg_jamendo_autotagging_00000468.mp3,vtsouval/mtg_jamendo_autotagging,train,468,"['pop', 'rock', 'electronic']","['synthesizer', 'bass']",['sport'],30
vtsouval_mtg_jamendo_autotagging_00000469,anglo_pop,audio\vtsouval_mtg_jamendo_autotagging_00000469.mp3,vtsouval/mtg_jamendo_autotagging,train,469,"['folk', 'popfolk', 'soundtrack', 'easylistening', 'pop']","['acousticguitar', 'bass']",['drama'],30
vtsouval_mtg_jamendo_autotagging_00000470,anglo_pop,audio\vtsouval_mtg_jamendo_autotagging_00000470.mp3,vtsouval/mtg_jamendo_autotagging,train,470,"['pop', 'rock']","['drums', 'electricguitar', 'bass']","['sport', 'energetic']",30
vtsouval_mtg_jamendo_autotagging_00000471,anglo_pop,audio\vtsouval_mtg_jamendo_autotagging_00000471.mp3,vtsouval/mtg_jamendo_autotagging,train,471,"['pop', 'rock', 'poprock']","['drums', 'electricguitar', 'bass']","['sport', 'energetic']",30
vtsouval_mtg_jamendo_autotagging_00000472,anglo_pop,audio\vtsouval_mtg_jamendo_autotagging_00000472.mp3,vtsouval/mtg_jamendo_autotagging,train,472,"['soundtrack', 'easylistening', 'pop']","['piano', 'bass']","['emotional', 'drama']",30
vtsouval_mtg_jamendo_autotagging_00000473,anglo_pop,audio\vtsouval_mtg_jamendo_autotagging_00000473.mp3,vtsouval/mtg_jamendo_autotagging,train,473,"['pop', 'rock', 'industrial', 'electronic']","['drums', 'synthesizer', 'electricguitar']",['sport'],30
vtsouval_mtg_jamendo_autotagging_00000474,anglo_pop,audio\vtsouval_mtg_jamendo_autotagging_00000474.mp3,vtsouval/mtg_jamendo_autotagging,train,474,"['pop', 'rock', 'poprock']","['drums', 'acousticguitar', 'electricguitar', 'bass']",['sport'],30
vtsouval_mtg_jamendo_autotagging_00000475,anglo_pop,audio\vtsouval_mtg_jamendo_autotagging_00000475.mp3,vtsouval/mtg_jamendo_autotagging,train,475,"['soundtrack', 'pop', 'rock', 'poprock']","['drums', 'electricguitar', 'bass']","['emotional', 'drama']",30
vtsouval_mtg_jamendo_autotagging_00000477,anglo_pop,audio\vtsouval_mtg_jamendo_autotagging_00000477.mp3,vtsouval/mtg_jamendo_autotagging,train,477,"['soundtrack', 'pop', 'rock', 'poprock']","['drums', 'electricguitar', 'bass']","['emotional', 'drama']",30
vtsouval_mtg_jamendo_autotagging_00000478,anglo_pop,audio\vtsouval_mtg_jamendo_autotagging_00000478.mp3,vtsouval/mtg_jamendo_autotagging,train,478,"['pop', 'rock']","['drums', 'electricguitar', 'bass']","['sport', 'energetic']",30
vtsouval_mtg_jamendo_autotagging_00000500,anglo_pop,audio\vtsouval_mtg_jamendo_autotagging_00000500.mp3,vtsouval/mtg_jamendo_autotagging,train,500,"['folk', 'instrumentalpop']",['guitar'],"['movie', 'film']",30
vtsouval_mtg_jamendo_autotagging_00000501,anglo_pop,audio\vtsouval_mtg_jamendo_autotagging_00000501.mp3,vtsouval/mtg_jamendo_autotagging,train,501,"['pop', 'instrumentalpop']",['guitar'],"['movie', 'love', 'film']",30
vtsouval_mtg_jamendo_autotagging_00000505,anglo_pop,audio\vtsouval_mtg_jamendo_autotagging_00000505.mp3,vtsouval/mtg_jamendo_autotagging,train,505,"['soundtrack', 'folk', 'pop', 'rock']","['drums', 'guitar', 'bass', 'synthesizer']","['adventure', 'drama']",30
vtsouval_mtg_jamendo_autotagging_00000506,anglo_pop,audio\vtsouval_mtg_jamendo_autotagging_00000506.mp3,vtsouval/mtg_jamendo_autotagging,train,506,"['soundtrack', 'folk', 'pop', 'rock']","['drums', 'guitar', 'bass']","['travel', 'adventure']",30
vtsouval_mtg_jamendo_autotagging_00000507,anglo_pop,audio\vtsouval_mtg_jamendo_autotagging_00000507.mp3,vtsouval/mtg_jamendo_autotagging,train,507,"['soundtrack', 'folk', 'pop', 'rock']","['drums', 'bass', 'piano']","['emotional', 'soft', 'drama']",30
vtsouval_mtg_jamendo_autotagging_00000508,anglo_pop,audio\vtsouval_mtg_jamendo_autotagging_00000508.mp3,vtsouval/mtg_jamendo_autotagging,train,508,"['folk', 'pop', 'chillout', 'electronic']","['drums', 'synthesizer', 'bass']","['emotional', 'drama']",30
vtsouval_mtg_jamendo_autotagging_00000509,anglo_pop,audio\vtsouval_mtg_jamendo_autotagging_00000509.mp3,vtsouval/mtg_jamendo_autotagging,train,509,"['folk', 'popfolk', 'soundtrack', 'pop', 'singersongwriter', 'chillout']",['guitar'],"['emotional', 'soft', 'drama']",30
vtsouval_mtg_jamendo_autotagging_00000510,anglo_pop,audio\vtsouval_mtg_jamendo_autotagging_00000510.mp3,vtsouval/mtg_jamendo_autotagging,train,510,"['folk', 'pop', 'rock']","['drums', 'guitar', 'bass']","['travel', 'adventure']",30
vtsouval_mtg_jamendo_autotagging_00000511,anglo_pop,audio\vtsouval_mtg_jamendo_autotagging_00000511.mp3,vtsouval/mtg_jamendo_autotagging,train,511,"['pop', 'rock', 'popfolk', 'experimental']","['drums', 'guitar']",['adventure'],30
vtsouval_mtg_jamendo_autotagging_00000512,anglo_pop,audio\vtsouval_mtg_jamendo_autotagging_00000512.mp3,vtsouval/mtg_jamendo_autotagging,train,512,"['soundtrack', 'easylistening', 'rock', 'pop']","['drums', 'guitar', 'bass']","['emotional', 'drama']",30
vtsouval_mtg_jamendo_autotagging_00000513,anglo_pop,audio\vtsouval_mtg_jamendo_autotagging_00000513.mp3,vtsouval/mtg_jamendo_autotagging,train,513,"['folk', 'classical', 'soundtrack', 'pop', 'chillout', 'experimental']",['piano'],"['emotional', 'soft', 'horror', 'drama']",30
vtsouval_mtg_jamendo_autotagging_00000514,anglo_pop,audio\vtsouval_mtg_jamendo_autotagging_00000514.mp3,vtsouval/mtg_jamendo_autotagging,train,514,"['folk', 'pop', 'rock']",['guitar'],"['nature', 'children']",30
vtsouval_mtg_jamendo_autotagging_00000515,anglo_pop,audio\vtsouval_mtg_jamendo_autotagging_00000515.mp3,vtsouval/mtg_jamendo_autotagging,train,515,"['folk', 'popfolk', 'soundtrack', 'pop', 'singersongwriter', 'chillout']",['guitar'],"['emotional', 'soft', 'drama']",30
vtsouval_mtg_jamendo_autotagging_00000516,anglo_pop,audio\vtsouval_mtg_jamendo_autotagging_00000516.mp3,vtsouval/mtg_jamendo_autotagging,train,516,"['soundtrack', 'folk', 'pop', 'country']",['guitar'],"['emotional', 'adventure', 'nature', 'drama']",30
vtsouval_mtg_jamendo_autotagging_00000517,anglo_pop,audio\vtsouval_mtg_jamendo_autotagging_00000517.mp3,vtsouval/mtg_jamendo_autotagging,train,517,"['folk', 'popfolk', 'soundtrack', 'pop', 'singersongwriter', 'chillout']","['guitar', 'cello']","['emotional', 'soft', 'drama']",30
vtsouval_mtg_jamendo_autotagging_00000518,anglo_pop,audio\vtsouval_mtg_jamendo_autotagging_00000518.mp3,vtsouval/mtg_jamendo_autotagging,train,518,"['folk', 'soundtrack', 'pop', 'singersongwriter', 'chillout']","['guitar', 'cello']","['emotional', 'soft', 'drama']",30
vtsouval_mtg_jamendo_autotagging_00000519,anglo_pop,audio\vtsouval_mtg_jamendo_autotagging_00000519.mp3,vtsouval/mtg_jamendo_autotagging,train,519,"['soundtrack', 'folk', 'pop', 'rock']","['guitar', 'bass']","['emotional', 'adventure', 'travel', 'drama']",30
vtsouval_mtg_jamendo_autotagging_00000520,anglo_pop,audio\vtsouval_mtg_jamendo_autotagging_00000520.mp3,vtsouval/mtg_jamendo_autotagging,train,520,"['folk', 'soundtrack', 'pop', 'singersongwriter', 'chillout']",['guitar'],"['emotional', 'soft', 'nature']",30
vtsouval_mtg_jamendo_autotagging_00000521,anglo_pop,audio\vtsouval_mtg_jamendo_autotagging_00000521.mp3,vtsouval/mtg_jamendo_autotagging,train,521,"['folk', 'pop', 'rock']","['drums', 'guitar', 'bass']","['sport', 'adventure', 'travel', 'drama']",30
vtsouval_mtg_jamendo_autotagging_00000524,anglo_pop,audio\vtsouval_mtg_jamendo_autotagging_00000524.mp3,vtsouval/mtg_jamendo_autotagging,train,524,"['pop', 'singersongwriter', 'alternative']","['piano', 'acousticguitar']",['melancholic'],30
vtsouval_mtg_jamendo_autotagging_00000525,anglo_pop,audio\vtsouval_mtg_jamendo_autotagging_00000525.mp3,vtsouval/mtg_jamendo_autotagging,train,525,"['blues', 'folk', 'rock', 'popfolk']",['acousticguitar'],"['relaxing', 'ballad']",30
vtsouval_mtg_jamendo_autotagging_00000526,anglo_pop,audio\vtsouval_mtg_jamendo_autotagging_00000526.mp3,vtsouval/mtg_jamendo_autotagging,train,526,"['blues', 'folk', 'rock', 'popfolk']","['acousticguitar', 'harmonica']",['ballad'],30
vtsouval_mtg_jamendo_autotagging_00000527,anglo_pop,audio\vtsouval_mtg_jamendo_autotagging_00000527.mp3,vtsouval/mtg_jamendo_autotagging,train,527,"['reggae', 'popfolk', 'alternative']","['acousticguitar', 'voice', 'keyboard', 'harmonica']",['dream'],30
vtsouval_mtg_jamendo_autotagging_00000528,anglo_pop,audio\vtsouval_mtg_jamendo_autotagging_00000528.mp3,vtsouval/mtg_jamendo_autotagging,train,528,"['blues', 'folk', 'popfolk', 'alternative']",['acousticguitar'],"['sad', 'ballad']",30
vtsouval_mtg_jamendo_autotagging_00000529,anglo_pop,audio\vtsouval_mtg_jamendo_autotagging_00000529.mp3,vtsouval/mtg_jamendo_autotagging,train,529,"['folk', 'popfolk', 'alternative']",['acousticguitar'],['romantic'],30
vtsouval_mtg_jamendo_autotagging_00000530,anglo_pop,audio\vtsouval_mtg_jamendo_autotagging_00000530.mp3,vtsouval/mtg_jamendo_autotagging,train,530,"['blues', 'rock', 'popfolk', 'alternative']",['acousticguitar'],"['melancholic', 'ballad']",30
vtsouval_mtg_jamendo_autotagging_00000531,anglo_pop,audio\vtsouval_mtg_jamendo_autotagging_00000531.mp3,vtsouval/mtg_jamendo_autotagging,train,531,"['pop', 'popfolk']",['guitar'],['cool'],30
vtsouval_mtg_jamendo_autotagging_00000532,anglo_pop,audio\vtsouval_mtg_jamendo_autotagging_00000532.mp3,vtsouval/mtg_jamendo_autotagging,train,532,"['pop', 'popfolk']",['acousticguitar'],"['romantic', 'love']",30
vtsouval_mtg_jamendo_autotagging_00000533,anglo_pop,audio\vtsouval_mtg_jamendo_autotagging_00000533.mp3,vtsouval/mtg_jamendo_autotagging,train,533,"['pop', 'popfolk']","['piano', 'guitar']",['nature'],30
vtsouval_mtg_jamendo_autotagging_00000553,anglo_pop,audio\vtsouval_mtg_jamendo_autotagging_00000553.mp3,vtsouval/mtg_jamendo_autotagging,train,553,"['pop', 'electronic']",['computer'],"['retro', 'melodic']",30
vtsouval_mtg_jamendo_autotagging_00000602,anglo_pop,audio\vtsouval_mtg_jamendo_autotagging_00000602.mp3,vtsouval/mtg_jamendo_autotagging,train,602,"['rock', 'indie', 'poprock']","['drums', 'synthesizer', 'voice', 'electricguitar', 'bass']","['emotional', 'energetic']",30
vtsouval_mtg_jamendo_autotagging_00000603,anglo_pop,audio\vtsouval_mtg_jamendo_autotagging_00000603.mp3,vtsouval/mtg_jamendo_autotagging,train,603,"['rock', 'indie', 'poprock']","['drums', 'synthesizer', 'voice', 'electricguitar', 'bass']","['emotional', 'energetic']",30
vtsouval_mtg_jamendo_autotagging_00000604,anglo_pop,audio\vtsouval_mtg_jamendo_autotagging_00000604.mp3,vtsouval/mtg_jamendo_autotagging,train,604,"['rock', 'indie', 'poprock']","['drums', 'synthesizer', 'voice', 'electricguitar', 'bass']","['emotional', 'energetic']",30
vtsouval_mtg_jamendo_autotagging_00000605,anglo_pop,audio\vtsouval_mtg_jamendo_autotagging_00000605.mp3,vtsouval/mtg_jamendo_autotagging,train,605,"['rock', 'indie', 'poprock']","['drums', 'synthesizer', 'voice', 'electricguitar', 'bass']","['emotional', 'energetic']",30
vtsouval_mtg_jamendo_autotagging_00000606,anglo_pop,audio\vtsouval_mtg_jamendo_autotagging_00000606.mp3,vtsouval/mtg_jamendo_autotagging,train,606,"['rock', 'indie', 'poprock']","['drums', 'synthesizer', 'voice', 'electricguitar', 'bass']","['emotional', 'energetic']",30
vtsouval_mtg_jamendo_autotagging_00000607,anglo_pop,audio\vtsouval_mtg_jamendo_autotagging_00000607.mp3,vtsouval/mtg_jamendo_autotagging,train,607,"['rock', 'indie', 'poprock']","['drums', 'synthesizer', 'voice', 'electricguitar', 'bass']","['emotional', 'energetic']",30
vtsouval_mtg_jamendo_autotagging_00000608,anglo_pop,audio\vtsouval_mtg_jamendo_autotagging_00000608.mp3,vtsouval/mtg_jamendo_autotagging,train,608,"['rock', 'indie', 'poprock']","['drums', 'synthesizer', 'voice', 'electricguitar', 'bass']","['emotional', 'energetic']",30
vtsouval_mtg_jamendo_autotagging_00000609,anglo_pop,audio\vtsouval_mtg_jamendo_autotagging_00000609.mp3,vtsouval/mtg_jamendo_autotagging,train,609,"['rock', 'indie', 'poprock']","['drums', 'synthesizer', 'voice', 'electricguitar', 'bass']","['emotional', 'energetic']",30
vtsouval_mtg_jamendo_autotagging_00000610,anglo_pop,audio\vtsouval_mtg_jamendo_autotagging_00000610.mp3,vtsouval/mtg_jamendo_autotagging,train,610,"['rock', 'indie', 'poprock']","['drums', 'synthesizer', 'voice', 'electricguitar', 'bass']","['emotional', 'energetic']",30
vtsouval_mtg_jamendo_autotagging_00000611,anglo_pop,audio\vtsouval_mtg_jamendo_autotagging_00000611.mp3,vtsouval/mtg_jamendo_autotagging,train,611,"['rock', 'indie', 'poprock']","['drums', 'synthesizer', 'voice', 'electricguitar', 'bass']","['emotional', 'energetic']",30
vtsouval_mtg_jamendo_autotagging_00000612,anglo_pop,audio\vtsouval_mtg_jamendo_autotagging_00000612.mp3,vtsouval/mtg_jamendo_autotagging,train,612,"['rock', 'indie', 'poprock']","['drums', 'synthesizer', 'voice', 'electricguitar', 'bass']","['emotional', 'energetic']",30
vtsouval_mtg_jamendo_autotagging_00000613,anglo_pop,audio\vtsouval_mtg_jamendo_autotagging_00000613.mp3,vtsouval/mtg_jamendo_autotagging,train,613,"['rock', 'indie', 'poprock']","['drums', 'synthesizer', 'voice', 'electricguitar', 'bass']","['emotional', 'energetic']",30
vtsouval_mtg_jamendo_autotagging_00000614,anglo_pop,audio\vtsouval_mtg_jamendo_autotagging_00000614.mp3,vtsouval/mtg_jamendo_autotagging,train,614,"['folk', 'pop', 'popfolk']","['drums', 'acousticbassguitar', 'acousticguitar', 'electricguitar', 'harmonica']",['emotional'],30
vtsouval_mtg_jamendo_autotagging_00000615,anglo_pop,audio\vtsouval_mtg_jamendo_autotagging_00000615.mp3,vtsouval/mtg_jamendo_autotagging,train,615,"['folk', 'pop', 'popfolk']","['drums', 'acousticbassguitar', 'acousticguitar', 'electricguitar', 'harmonica']",['emotional'],30
vtsouval_mtg_jamendo_autotagging_00000616,anglo_pop,audio\vtsouval_mtg_jamendo_autotagging_00000616.mp3,vtsouval/mtg_jamendo_autotagging,train,616,"['folk', 'pop', 'popfolk']","['drums', 'acousticbassguitar', 'acousticguitar', 'electricguitar', 'harmonica']",['emotional'],30
vtsouval_mtg_jamendo_autotagging_00000617,anglo_pop,audio\vtsouval_mtg_jamendo_autotagging_00000617.mp3,vtsouval/mtg_jamendo_autotagging,train,617,"['folk', 'pop', 'popfolk']","['drums', 'acousticbassguitar', 'acousticguitar', 'electricguitar', 'harmonica']",['emotional'],30
vtsouval_mtg_jamendo_autotagging_00000618,anglo_pop,audio\vtsouval_mtg_jamendo_autotagging_00000618.mp3,vtsouval/mtg_jamendo_autotagging,train,618,"['folk', 'pop', 'popfolk']","['drums', 'acousticbassguitar', 'acousticguitar', 'electricguitar', 'harmonica']",['emotional'],30
vtsouval_mtg_jamendo_autotagging_00000619,anglo_pop,audio\vtsouval_mtg_jamendo_autotagging_00000619.mp3,vtsouval/mtg_jamendo_autotagging,train,619,"['folk', 'pop', 'popfolk']","['drums', 'acousticbassguitar', 'acousticguitar', 'electricguitar', 'harmonica']",['emotional'],30
vtsouval_mtg_jamendo_autotagging_00000620,anglo_pop,audio\vtsouval_mtg_jamendo_autotagging_00000620.mp3,vtsouval/mtg_jamendo_autotagging,train,620,"['folk', 'pop', 'popfolk']","['drums', 'acousticbassguitar', 'acousticguitar', 'electricguitar', 'harmonica']",['emotional'],30
vtsouval_mtg_jamendo_autotagging_00000621,anglo_pop,audio\vtsouval_mtg_jamendo_autotagging_00000621.mp3,vtsouval/mtg_jamendo_autotagging,train,621,"['folk', 'pop', 'popfolk']","['drums', 'acousticbassguitar', 'acousticguitar', 'electricguitar', 'harmonica']",['emotional'],30
vtsouval_mtg_jamendo_autotagging_00000622,anglo_pop,audio\vtsouval_mtg_jamendo_autotagging_00000622.mp3,vtsouval/mtg_jamendo_autotagging,train,622,"['folk', 'pop', 'popfolk']","['drums', 'acousticbassguitar', 'acousticguitar', 'electricguitar', 'harmonica']",['emotional'],30
vtsouval_mtg_jamendo_autotagging_00000628,anglo_pop,audio\vtsouval_mtg_jamendo_autotagging_00000628.mp3,vtsouval/mtg_jamendo_autotagging,train,628,"['indie', 'electropop', 'rock']","['drums', 'voice', 'electricguitar', 'bass']","['emotional', 'romantic']",30
vtsouval_mtg_jamendo_autotagging_00000629,anglo_pop,audio\vtsouval_mtg_jamendo_autotagging_00000629.mp3,vtsouval/mtg_jamendo_autotagging,train,629,"['indie', 'electropop', 'rock']","['drums', 'voice', 'electricguitar', 'bass']","['emotional', 'romantic']",30
vtsouval_mtg_jamendo_autotagging_00000630,anglo_pop,audio\vtsouval_mtg_jamendo_autotagging_00000630.mp3,vtsouval/mtg_jamendo_autotagging,train,630,"['indie', 'electropop', 'rock']","['drums', 'voice', 'electricguitar', 'bass']","['emotional', 'romantic']",30
vtsouval_mtg_jamendo_autotagging_00000631,anglo_pop,audio\vtsouval_mtg_jamendo_autotagging_00000631.mp3,vtsouval/mtg_jamendo_autotagging,train,631,"['indie', 'electropop', 'rock']","['drums', 'voice', 'electricguitar', 'bass']","['emotional', 'romantic']",30
vtsouval_mtg_jamendo_autotagging_00000632,anglo_pop,audio\vtsouval_mtg_jamendo_autotagging_00000632.mp3,vtsouval/mtg_jamendo_autotagging,train,632,"['indie', 'electropop', 'rock']","['drums', 'voice', 'electricguitar', 'bass']","['emotional', 'romantic']",30
vtsouval_mtg_jamendo_autotagging_00000633,anglo_pop,audio\vtsouval_mtg_jamendo_autotagging_00000633.mp3,vtsouval/mtg_jamendo_autotagging,train,633,"['pop', 'rock']","['piano', 'guitar', 'electricguitar']",['slow'],30
vtsouval_mtg_jamendo_autotagging_00000634,anglo_pop,audio\vtsouval_mtg_jamendo_autotagging_00000634.mp3,vtsouval/mtg_jamendo_autotagging,train,634,['pop'],"['drums', 'electricpiano', 'piano', 'guitar', 'bass']",['happy'],30
vtsouval_mtg_jamendo_autotagging_00000658,anglo_pop,audio\vtsouval_mtg_jamendo_autotagging_00000658.mp3,vtsouval/mtg_jamendo_autotagging,train,658,"['pop', 'rock', 'electronic']","['drums', 'piano', 'cello']","['emotional', 'advertising']",30
vtsouval_mtg_jamendo_autotagging_00000659,anglo_pop,audio\vtsouval_mtg_jamendo_autotagging_00000659.mp3,vtsouval/mtg_jamendo_autotagging,train,659,"['pop', 'dance', 'electronic', 'rock']","['drums', 'synthesizer', 'electricguitar', 'bass']","['dream', 'energetic']",30
vtsouval_mtg_jamendo_autotagging_00000660,anglo_pop,audio\vtsouval_mtg_jamendo_autotagging_00000660.mp3,vtsouval/mtg_jamendo_autotagging,train,660,"['pop', 'electronic']","['drums', 'synthesizer', 'bass']",['ballad'],30
vtsouval_mtg_jamendo_autotagging_00000662,anglo_pop,audio\vtsouval_mtg_jamendo_autotagging_00000662.mp3,vtsouval/mtg_jamendo_autotagging,train,662,"['soundtrack', 'easylistening', 'instrumentalpop']","['drums', 'acousticguitar', 'bass']",['ballad'],30
vtsouval_mtg_jamendo_autotagging_00000663,anglo_pop,audio\vtsouval_mtg_jamendo_autotagging_00000663.mp3,vtsouval/mtg_jamendo_autotagging,train,663,"['punkrock', 'pop', 'instrumentalpop', 'electronic', 'poprock']","['drums', 'synthesizer', 'acousticbassguitar']",['energetic'],30
