track_id,culture,audio_path,source_dataset,source_split,source_index,label
neerajaabhyankar_hindustani-raag-small_00000000,india,audio/neerajaabhyankar_hindustani-raag-small_00000000.mp3,neerajaabhyankar/hindustani-raag-small,train,0,AheerBhairav
neerajaabhyankar_hindustani-raag-small_00000001,india,audio/neerajaabhyankar_hindustani-raag-small_00000001.mp3,neerajaabhyankar/hindustani-raag-small,train,1,AheerBhairav
neerajaabhyankar_hindustani-raag-small_00000002,india,audio/neerajaabhyankar_hindustani-raag-small_00000002.mp3,neerajaabhyankar/hindustani-raag-small,train,2,AheerBhairav
neerajaabhyankar_hindustani-raag-small_00000003,india,audio/neerajaabhyankar_hindustani-raag-small_00000003.mp3,neerajaabhyankar/hindustani-raag-small,train,3,AheerBhairav
neerajaabhyankar_hindustani-raag-small_00000004,india,audio/neerajaabhyankar_hindustani-raag-small_00000004.mp3,neerajaabhyankar/hindustani-raag-small,train,4,AheerBhairav
neerajaabhyankar_hindustani-raag-small_00000005,india,audio/neerajaabhyankar_hindustani-raag-small_00000005.mp3,neerajaabhyankar/hindustani-raag-small,train,5,AheerBhairav
neerajaabhyankar_hindustani-raag-small_00000006,india,audio/neerajaabhyankar_hindustani-raag-small_00000006.mp3,neerajaabhyankar/hindustani-raag-small,train,6,AheerBhairav
neerajaabhyankar_hindustani-raag-small_00000007,india,audio/neerajaabhyankar_hindustani-raag-small_00000007.mp3,neerajaabhyankar/hindustani-raag-small,train,7,AheerBhairav
neerajaabhyankar_hindustani-raag-small_00000008,india,audio/neerajaabhyankar_hindustani-raag-small_00000008.mp3,neerajaabhyankar/hindustani-raag-small,train,8,AheerBhairav
neerajaabhyankar_hindustani-raag-small_00000009,india,audio/neerajaabhyankar_hindustani-raag-small_00000009.mp3,neerajaabhyankar/hindustani-raag-small,train,9,AheerBhairav
neerajaabhyankar_hindustani-raag-small_00000010,india,audio/neerajaabhyankar_hindustani-raag-small_00000010.mp3,neerajaabhyankar/hindustani-raag-small,train,10,AheerBhairav
neerajaabhyankar_hindustani-raag-small_00000011,india,audio/neerajaabhyankar_hindustani-raag-small_00000011.mp3,neerajaabhyankar/hindustani-raag-small,train,11,AheerBhairav
neerajaabhyankar_hindustani-raag-small_00000012,india,audio/neerajaabhyankar_hindustani-raag-small_00000012.mp3,neerajaabhyankar/hindustani-raag-small,train,12,AheerBhairav
neerajaabhyankar_hindustani-raag-small_00000013,india,audio/neerajaabhyankar_hindustani-raag-small_00000013.mp3,neerajaabhyankar/hindustani-raag-small,train,13,AheerBhairav
neerajaabhyankar_hindustani-raag-small_00000014,india,audio/neerajaabhyankar_hindustani-raag-small_00000014.mp3,neerajaabhyankar/hindustani-raag-small,train,14,AheerBhairav
neerajaabhyankar_hindustani-raag-small_00000015,india,audio/neerajaabhyankar_hindustani-raag-small_00000015.mp3,neerajaabhyankar/hindustani-raag-small,train,15,AheerBhairav
neerajaabhyankar_hindustani-raag-small_00000016,india,audio/neerajaabhyankar_hindustani-raag-small_00000016.mp3,neerajaabhyankar/hindustani-raag-small,train,16,AheerBhairav
neerajaabhyankar_hindustani-raag-small_00000017,india,audio/neerajaabhyankar_hindustani-raag-small_00000017.mp3,neerajaabhyankar/hindustani-raag-small,train,17,AheerBhairav
neerajaabhyankar_hindustani-raag-small_00000018,india,audio/neerajaabhyankar_hindustani-raag-small_00000018.mp3,neerajaabhyankar/hindustani-raag-small,train,18,AheerBhairav
neerajaabhyankar_hindustani-raag-small_00000019,india,audio/neerajaabhyankar_hindustani-raag-small_00000019.mp3,neerajaabhyankar/hindustani-raag-small,train,19,AheerBhairav
neerajaabhyankar_hindustani-raag-small_00000020,india,audio/neerajaabhyankar_hindustani-raag-small_00000020.mp3,neerajaabhyankar/hindustani-raag-small,train,20,AheerBhairav
neerajaabhyankar_hindustani-raag-small_00000021,india,audio/neerajaabhyankar_hindustani-raag-small_00000021.mp3,neerajaabhyankar/hindustani-raag-small,train,21,AheerBhairav
neerajaabhyankar_hindustani-raag-small_00000022,india,audio/neerajaabhyankar_hindustani-raag-small_00000022.mp3,neerajaabhyankar/hindustani-raag-small,train,22,AheerBhairav
neerajaabhyankar_hindustani-raag-small_00000023,india,audio/neerajaabhyankar_hindustani-raag-small_00000023.mp3,neerajaabhyankar/hindustani-raag-small,train,23,AheerBhairav
neerajaabhyankar_hindustani-raag-small_00000024,india,audio/neerajaabhyankar_hindustani-raag-small_00000024.mp3,neerajaabhyankar/hindustani-raag-small,train,24,AheerBhairav
neerajaabhyankar_hindustani-raag-small_00000025,india,audio/neerajaabhyankar_hindustani-raag-small_00000025.mp3,neerajaabhyankar/hindustani-raag-small,train,25,AheerBhairav
neerajaabhyankar_hindustani-raag-small_00000026,india,audio/neerajaabhyankar_hindustani-raag-small_00000026.mp3,neerajaabhyankar/hindustani-raag-small,train,26,AheerBhairav
neerajaabhyankar_hindustani-raag-small_00000027,india,audio/neerajaabhyankar_hindustani-raag-small_00000027.mp3,neerajaabhyankar/hindustani-raag-small,train,27,AheerBhairav
neerajaabhyankar_hindustani-raag-small_00000028,india,audio/neerajaabhyankar_hindustani-raag-small_00000028.mp3,neerajaabhyankar/hindustani-raag-small,train,28,AheerBhairav
neerajaabhyankar_hindustani-raag-small_00000029,india,audio/neerajaabhyankar_hindustani-raag-small_00000029.mp3,neerajaabhyankar/hindustani-raag-small,train,29,AheerBhairav
neerajaabhyankar_hindustani-raag-small_00000030,india,audio/neerajaabhyankar_hindustani-raag-small_00000030.mp3,neerajaabhyankar/hindustani-raag-small,train,30,AheerBhairav
neerajaabhyankar_hindustani-raag-small_00000031,india,audio/neerajaabhyankar_hindustani-raag-small_00000031.mp3,neerajaabhyankar/hindustani-raag-small,train,31,AheerBhairav
neerajaabhyankar_hindustani-raag-small_00000032,india,audio/neerajaabhyankar_hindustani-raag-small_00000032.mp3,neerajaabhyankar/hindustani-raag-small,train,32,AheerBhairav
neerajaabhyankar_hindustani-raag-small_00000033,india,audio/neerajaabhyankar_hindustani-raag-small_00000033.mp3,neerajaabhyankar/hindustani-raag-small,train,33,AlhaiyaBilawal
neerajaabhyankar_hindustani-raag-small_00000034,india,audio/neerajaabhyankar_hindustani-raag-small_00000034.mp3,neerajaabhyankar/hindustani-raag-small,train,34,AlhaiyaBilawal
neerajaabhyankar_hindustani-raag-small_00000035,india,audio/neerajaabhyankar_hindustani-raag-small_00000035.mp3,neerajaabhyankar/hindustani-raag-small,train,35,AlhaiyaBilawal
neerajaabhyankar_hindustani-raag-small_00000036,india,audio/neerajaabhyankar_hindustani-raag-small_00000036.mp3,neerajaabhyankar/hindustani-raag-small,train,36,AlhaiyaBilawal
neerajaabhyankar_hindustani-raag-small_00000037,india,audio/neerajaabhyankar_hindustani-raag-small_00000037.mp3,neerajaabhyankar/hindustani-raag-small,train,37,AlhaiyaBilawal
neerajaabhyankar_hindustani-raag-small_00000038,india,audio/neerajaabhyankar_hindustani-raag-small_00000038.mp3,neerajaabhyankar/hindustani-raag-small,train,38,AlhaiyaBilawal
neerajaabhyankar_hindustani-raag-small_00000039,india,audio/neerajaabhyankar_hindustani-raag-small_00000039.mp3,neerajaabhyankar/hindustani-raag-small,train,39,AlhaiyaBilawal
neerajaabhyankar_hindustani-raag-small_00000040,india,audio/neerajaabhyankar_hindustani-raag-small_00000040.mp3,neerajaabhyankar/hindustani-raag-small,train,40,AlhaiyaBilawal
neerajaabhyankar_hindustani-raag-small_00000041,india,audio/neerajaabhyankar_hindustani-raag-small_00000041.mp3,neerajaabhyankar/hindustani-raag-small,train,41,AlhaiyaBilawal
neerajaabhyankar_hindustani-raag-small_00000042,india,audio/neerajaabhyankar_hindustani-raag-small_00000042.mp3,neerajaabhyankar/hindustani-raag-small,train,42,AlhaiyaBilawal
neerajaabhyankar_hindustani-raag-small_00000043,india,audio/neerajaabhyankar_hindustani-raag-small_00000043.mp3,neerajaabhyankar/hindustani-raag-small,train,43,AlhaiyaBilawal
neerajaabhyankar_hindustani-raag-small_00000044,india,audio/neerajaabhyankar_hindustani-raag-small_00000044.mp3,neerajaabhyankar/hindustani-raag-small,train,44,AlhaiyaBilawal
neerajaabhyankar_hindustani-raag-small_00000045,india,audio/neerajaabhyankar_hindustani-raag-small_00000045.mp3,neerajaabhyankar/hindustani-raag-small,train,45,AlhaiyaBilawal
neerajaabhyankar_hindustani-raag-small_00000046,india,audio/neerajaabhyankar_hindustani-raag-small_00000046.mp3,neerajaabhyankar/hindustani-raag-small,train,46,AlhaiyaBilawal
neerajaabhyankar_hindustani-raag-small_00000047,india,audio/neerajaabhyankar_hindustani-raag-small_00000047.mp3,neerajaabhyankar/hindustani-raag-small,train,47,AlhaiyaBilawal
neerajaabhyankar_hindustani-raag-small_00000048,india,audio/neerajaabhyankar_hindustani-raag-small_00000048.mp3,neerajaabhyankar/hindustani-raag-small,train,48,AlhaiyaBilawal
neerajaabhyankar_hindustani-raag-small_00000049,india,audio/neerajaabhyankar_hindustani-raag-small_00000049.mp3,neerajaabhyankar/hindustani-raag-small,train,49,AlhaiyaBilawal
neerajaabhyankar_hindustani-raag-small_00000050,india,audio/neerajaabhyankar_hindustani-raag-small_00000050.mp3,neerajaabhyankar/hindustani-raag-small,train,50,AlhaiyaBilawal
neerajaabhyankar_hindustani-raag-small_00000051,india,audio/neerajaabhyankar_hindustani-raag-small_00000051.mp3,neerajaabhyankar/hindustani-raag-small,train,51,AlhaiyaBilawal
neerajaabhyankar_hindustani-raag-small_00000052,india,audio/neerajaabhyankar_hindustani-raag-small_00000052.mp3,neerajaabhyankar/hindustani-raag-small,train,52,AlhaiyaBilawal
neerajaabhyankar_hindustani-raag-small_00000053,india,audio/neerajaabhyankar_hindustani-raag-small_00000053.mp3,neerajaabhyankar/hindustani-raag-small,train,53,AlhaiyaBilawal
neerajaabhyankar_hindustani-raag-small_00000054,india,audio/neerajaabhyankar_hindustani-raag-small_00000054.mp3,neerajaabhyankar/hindustani-raag-small,train,54,AlhaiyaBilawal
neerajaabhyankar_hindustani-raag-small_00000055,india,audio/neerajaabhyankar_hindustani-raag-small_00000055.mp3,neerajaabhyankar/hindustani-raag-small,train,55,AlhaiyaBilawal
neerajaabhyankar_hindustani-raag-small_00000056,india,audio/neerajaabhyankar_hindustani-raag-small_00000056.mp3,neerajaabhyankar/hindustani-raag-small,train,56,AlhaiyaBilawal
neerajaabhyankar_hindustani-raag-small_00000057,india,audio/neerajaabhyankar_hindustani-raag-small_00000057.mp3,neerajaabhyankar/hindustani-raag-small,train,57,AlhaiyaBilawal
neerajaabhyankar_hindustani-raag-small_00000058,india,audio/neerajaabhyankar_hindustani-raag-small_00000058.mp3,neerajaabhyankar/hindustani-raag-small,train,58,AlhaiyaBilawal
neerajaabhyankar_hindustani-raag-small_00000059,india,audio/neerajaabhyankar_hindustani-raag-small_00000059.mp3,neerajaabhyankar/hindustani-raag-small,train,59,AlhaiyaBilawal
neerajaabhyankar_hindustani-raag-small_00000060,india,audio/neerajaabhyankar_hindustani-raag-small_00000060.mp3,neerajaabhyankar/hindustani-raag-small,train,60,AlhaiyaBilawal
neerajaabhyankar_hindustani-raag-small_00000061,india,audio/neerajaabhyankar_hindustani-raag-small_00000061.mp3,neerajaabhyankar/hindustani-raag-small,train,61,AlhaiyaBilawal
neerajaabhyankar_hindustani-raag-small_00000062,india,audio/neerajaabhyankar_hindustani-raag-small_00000062.mp3,neerajaabhyankar/hindustani-raag-small,train,62,AlhaiyaBilawal
neerajaabhyankar_hindustani-raag-small_00000063,india,audio/neerajaabhyankar_hindustani-raag-small_00000063.mp3,neerajaabhyankar/hindustani-raag-small,train,63,Bageshree
neerajaabhyankar_hindustani-raag-small_00000064,india,audio/neerajaabhyankar_hindustani-raag-small_00000064.mp3,neerajaabhyankar/hindustani-raag-small,train,64,Bageshree
neerajaabhyankar_hindustani-raag-small_00000065,india,audio/neerajaabhyankar_hindustani-raag-small_00000065.mp3,neerajaabhyankar/hindustani-raag-small,train,65,Bageshree
neerajaabhyankar_hindustani-raag-small_00000066,india,audio/neerajaabhyankar_hindustani-raag-small_00000066.mp3,neerajaabhyankar/hindustani-raag-small,train,66,Bageshree
neerajaabhyankar_hindustani-raag-small_00000067,india,audio/neerajaabhyankar_hindustani-raag-small_00000067.mp3,neerajaabhyankar/hindustani-raag-small,train,67,Bageshree
neerajaabhyankar_hindustani-raag-small_00000068,india,audio/neerajaabhyankar_hindustani-raag-small_00000068.mp3,neerajaabhyankar/hindustani-raag-small,train,68,Bageshree
neerajaabhyankar_hindustani-raag-small_00000069,india,audio/neerajaabhyankar_hindustani-raag-small_00000069.mp3,neerajaabhyankar/hindustani-raag-small,train,69,Bageshree
neerajaabhyankar_hindustani-raag-small_00000070,india,audio/neerajaabhyankar_hindustani-raag-small_00000070.mp3,neerajaabhyankar/hindustani-raag-small,train,70,Bageshree
neerajaabhyankar_hindustani-raag-small_00000071,india,audio/neerajaabhyankar_hindustani-raag-small_00000071.mp3,neerajaabhyankar/hindustani-raag-small,train,71,Bageshree
neerajaabhyankar_hindustani-raag-small_00000072,india,audio/neerajaabhyankar_hindustani-raag-small_00000072.mp3,neerajaabhyankar/hindustani-raag-small,train,72,Bageshree
neerajaabhyankar_hindustani-raag-small_00000073,india,audio/neerajaabhyankar_hindustani-raag-small_00000073.mp3,neerajaabhyankar/hindustani-raag-small,train,73,Bageshree
neerajaabhyankar_hindustani-raag-small_00000074,india,audio/neerajaabhyankar_hindustani-raag-small_00000074.mp3,neerajaabhyankar/hindustani-raag-small,train,74,Bageshree
neerajaabhyankar_hindustani-raag-small_00000075,india,audio/neerajaabhyankar_hindustani-raag-small_00000075.mp3,neerajaabhyankar/hindustani-raag-small,train,75,Bageshree
neerajaabhyankar_hindustani-raag-small_00000076,india,audio/neerajaabhyankar_hindustani-raag-small_00000076.mp3,neerajaabhyankar/hindustani-raag-small,train,76,Bageshree
neerajaabhyankar_hindustani-raag-small_00000077,india,audio/neerajaabhyankar_hindustani-raag-small_00000077.mp3,neerajaabhyankar/hindustani-raag-small,train,77,Bageshree
neerajaabhyankar_hindustani-raag-small_00000078,india,audio/neerajaabhyankar_hindustani-raag-small_00000078.mp3,neerajaabhyankar/hindustani-raag-small,train,78,Bageshree
neerajaabhyankar_hindustani-raag-small_00000079,india,audio/neerajaabhyankar_hindustani-raag-small_00000079.mp3,neerajaabhyankar/hindustani-raag-small,train,79,Bageshree
neerajaabhyankar_hindustani-raag-small_00000080,india,audio/neerajaabhyankar_hindustani-raag-small_00000080.mp3,neerajaabhyankar/hindustani-raag-small,train,80,Bageshree
neerajaabhyankar_hindustani-raag-small_00000081,india,audio/neerajaabhyankar_hindustani-raag-small_00000081.mp3,neerajaabhyankar/hindustani-raag-small,train,81,Bageshree
neerajaabhyankar_hindustani-raag-small_00000082,india,audio/neerajaabhyankar_hindustani-raag-small_00000082.mp3,neerajaabhyankar/hindustani-raag-small,train,82,Bageshree
neerajaabhyankar_hindustani-raag-small_00000083,india,audio/neerajaabhyankar_hindustani-raag-small_00000083.mp3,neerajaabhyankar/hindustani-raag-small,train,83,Bageshree
neerajaabhyankar_hindustani-raag-small_00000084,india,audio/neerajaabhyankar_hindustani-raag-small_00000084.mp3,neerajaabhyankar/hindustani-raag-small,train,84,Bageshree
neerajaabhyankar_hindustani-raag-small_00000085,india,audio/neerajaabhyankar_hindustani-raag-small_00000085.mp3,neerajaabhyankar/hindustani-raag-small,train,85,Bageshree
neerajaabhyankar_hindustani-raag-small_00000086,india,audio/neerajaabhyankar_hindustani-raag-small_00000086.mp3,neerajaabhyankar/hindustani-raag-small,train,86,Bageshree
neerajaabhyankar_hindustani-raag-small_00000087,india,audio/neerajaabhyankar_hindustani-raag-small_00000087.mp3,neerajaabhyankar/hindustani-raag-small,train,87,Bahar
neerajaabhyankar_hindustani-raag-small_00000088,india,audio/neerajaabhyankar_hindustani-raag-small_00000088.mp3,neerajaabhyankar/hindustani-raag-small,train,88,Bahar
neerajaabhyankar_hindustani-raag-small_00000089,india,audio/neerajaabhyankar_hindustani-raag-small_00000089.mp3,neerajaabhyankar/hindustani-raag-small,train,89,Bahar
neerajaabhyankar_hindustani-raag-small_00000090,india,audio/neerajaabhyankar_hindustani-raag-small_00000090.mp3,neerajaabhyankar/hindustani-raag-small,train,90,Bahar
neerajaabhyankar_hindustani-raag-small_00000091,india,audio/neerajaabhyankar_hindustani-raag-small_00000091.mp3,neerajaabhyankar/hindustani-raag-small,train,91,Bahar
neerajaabhyankar_hindustani-raag-small_00000092,india,audio/neerajaabhyankar_hindustani-raag-small_00000092.mp3,neerajaabhyankar/hindustani-raag-small,train,92,Bahar
neerajaabhyankar_hindustani-raag-small_00000093,india,audio/neerajaabhyankar_hindustani-raag-small_00000093.mp3,neerajaabhyankar/hindustani-raag-small,train,93,Bahar
neerajaabhyankar_hindustani-raag-small_00000094,india,audio/neerajaabhyankar_hindustani-raag-small_00000094.mp3,neerajaabhyankar/hindustani-raag-small,train,94,Bahar
neerajaabhyankar_hindustani-raag-small_00000095,india,audio/neerajaabhyankar_hindustani-raag-small_00000095.mp3,neerajaabhyankar/hindustani-raag-small,train,95,Bahar
neerajaabhyankar_hindustani-raag-small_00000096,india,audio/neerajaabhyankar_hindustani-raag-small_00000096.mp3,neerajaabhyankar/hindustani-raag-small,train,96,Bahar
neerajaabhyankar_hindustani-raag-small_00000097,india,audio/neerajaabhyankar_hindustani-raag-small_00000097.mp3,neerajaabhyankar/hindustani-raag-small,train,97,Bahar
neerajaabhyankar_hindustani-raag-small_00000098,india,audio/neerajaabhyankar_hindustani-raag-small_00000098.mp3,neerajaabhyankar/hindustani-raag-small,train,98,Bahar
neerajaabhyankar_hindustani-raag-small_00000099,india,audio/neerajaabhyankar_hindustani-raag-small_00000099.mp3,neerajaabhyankar/hindustani-raag-small,train,99,Bairagi
neerajaabhyankar_hindustani-raag-small_00000100,india,audio/neerajaabhyankar_hindustani-raag-small_00000100.mp3,neerajaabhyankar/hindustani-raag-small,train,100,Bairagi
neerajaabhyankar_hindustani-raag-small_00000101,india,audio/neerajaabhyankar_hindustani-raag-small_00000101.mp3,neerajaabhyankar/hindustani-raag-small,train,101,Bairagi
neerajaabhyankar_hindustani-raag-small_00000102,india,audio/neerajaabhyankar_hindustani-raag-small_00000102.mp3,neerajaabhyankar/hindustani-raag-small,train,102,Bairagi
neerajaabhyankar_hindustani-raag-small_00000103,india,audio/neerajaabhyankar_hindustani-raag-small_00000103.mp3,neerajaabhyankar/hindustani-raag-small,train,103,Bairagi
neerajaabhyankar_hindustani-raag-small_00000104,india,audio/neerajaabhyankar_hindustani-raag-small_00000104.mp3,neerajaabhyankar/hindustani-raag-small,train,104,Bairagi
neerajaabhyankar_hindustani-raag-small_00000105,india,audio/neerajaabhyankar_hindustani-raag-small_00000105.mp3,neerajaabhyankar/hindustani-raag-small,train,105,Bairagi
neerajaabhyankar_hindustani-raag-small_00000106,india,audio/neerajaabhyankar_hindustani-raag-small_00000106.mp3,neerajaabhyankar/hindustani-raag-small,train,106,Bairagi
neerajaabhyankar_hindustani-raag-small_00000107,india,audio/neerajaabhyankar_hindustani-raag-small_00000107.mp3,neerajaabhyankar/hindustani-raag-small,train,107,Bairagi
neerajaabhyankar_hindustani-raag-small_00000108,india,audio/neerajaabhyankar_hindustani-raag-small_00000108.mp3,neerajaabhyankar/hindustani-raag-small,train,108,Bairagi
neerajaabhyankar_hindustani-raag-small_00000109,india,audio/neerajaabhyankar_hindustani-raag-small_00000109.mp3,neerajaabhyankar/hindustani-raag-small,train,109,Bairagi
neerajaabhyankar_hindustani-raag-small_00000110,india,audio/neerajaabhyankar_hindustani-raag-small_00000110.mp3,neerajaabhyankar/hindustani-raag-small,train,110,Bairagi
neerajaabhyankar_hindustani-raag-small_00000111,india,audio/neerajaabhyankar_hindustani-raag-small_00000111.mp3,neerajaabhyankar/hindustani-raag-small,train,111,Bairagi
neerajaabhyankar_hindustani-raag-small_00000112,india,audio/neerajaabhyankar_hindustani-raag-small_00000112.mp3,neerajaabhyankar/hindustani-raag-small,train,112,Bairagi
neerajaabhyankar_hindustani-raag-small_00000113,india,audio/neerajaabhyankar_hindustani-raag-small_00000113.mp3,neerajaabhyankar/hindustani-raag-small,train,113,Bairagi
neerajaabhyankar_hindustani-raag-small_00000114,india,audio/neerajaabhyankar_hindustani-raag-small_00000114.mp3,neerajaabhyankar/hindustani-raag-small,train,114,Bairagi
neerajaabhyankar_hindustani-raag-small_00000115,india,audio/neerajaabhyankar_hindustani-raag-small_00000115.mp3,neerajaabhyankar/hindustani-raag-small,train,115,Bairagi
neerajaabhyankar_hindustani-raag-small_00000116,india,audio/neerajaabhyankar_hindustani-raag-small_00000116.mp3,neerajaabhyankar/hindustani-raag-small,train,116,Bairagi
neerajaabhyankar_hindustani-raag-small_00000117,india,audio/neerajaabhyankar_hindustani-raag-small_00000117.mp3,neerajaabhyankar/hindustani-raag-small,train,117,Bairagi
neerajaabhyankar_hindustani-raag-small_00000118,india,audio/neerajaabhyankar_hindustani-raag-small_00000118.mp3,neerajaabhyankar/hindustani-raag-small,train,118,Bairagi
neerajaabhyankar_hindustani-raag-small_00000119,india,audio/neerajaabhyankar_hindustani-raag-small_00000119.mp3,neerajaabhyankar/hindustani-raag-small,train,119,Bairagi
neerajaabhyankar_hindustani-raag-small_00000120,india,audio/neerajaabhyankar_hindustani-raag-small_00000120.mp3,neerajaabhyankar/hindustani-raag-small,train,120,Bairagi
neerajaabhyankar_hindustani-raag-small_00000121,india,audio/neerajaabhyankar_hindustani-raag-small_00000121.mp3,neerajaabhyankar/hindustani-raag-small,train,121,Bairagi
neerajaabhyankar_hindustani-raag-small_00000122,india,audio/neerajaabhyankar_hindustani-raag-small_00000122.mp3,neerajaabhyankar/hindustani-raag-small,train,122,Bairagi
neerajaabhyankar_hindustani-raag-small_00000123,india,audio/neerajaabhyankar_hindustani-raag-small_00000123.mp3,neerajaabhyankar/hindustani-raag-small,train,123,Basant
neerajaabhyankar_hindustani-raag-small_00000124,india,audio/neerajaabhyankar_hindustani-raag-small_00000124.mp3,neerajaabhyankar/hindustani-raag-small,train,124,Basant
neerajaabhyankar_hindustani-raag-small_00000125,india,audio/neerajaabhyankar_hindustani-raag-small_00000125.mp3,neerajaabhyankar/hindustani-raag-small,train,125,Basant
neerajaabhyankar_hindustani-raag-small_00000126,india,audio/neerajaabhyankar_hindustani-raag-small_00000126.mp3,neerajaabhyankar/hindustani-raag-small,train,126,Basant
neerajaabhyankar_hindustani-raag-small_00000127,india,audio/neerajaabhyankar_hindustani-raag-small_00000127.mp3,neerajaabhyankar/hindustani-raag-small,train,127,Basant
neerajaabhyankar_hindustani-raag-small_00000128,india,audio/neerajaabhyankar_hindustani-raag-small_00000128.mp3,neerajaabhyankar/hindustani-raag-small,train,128,Basant
neerajaabhyankar_hindustani-raag-small_00000129,india,audio/neerajaabhyankar_hindustani-raag-small_00000129.mp3,neerajaabhyankar/hindustani-raag-small,train,129,Basant
neerajaabhyankar_hindustani-raag-small_00000130,india,audio/neerajaabhyankar_hindustani-raag-small_00000130.mp3,neerajaabhyankar/hindustani-raag-small,train,130,Basant
neerajaabhyankar_hindustani-raag-small_00000131,india,audio/neerajaabhyankar_hindustani-raag-small_00000131.mp3,neerajaabhyankar/hindustani-raag-small,train,131,Basant
neerajaabhyankar_hindustani-raag-small_00000132,india,audio/neerajaabhyankar_hindustani-raag-small_00000132.mp3,neerajaabhyankar/hindustani-raag-small,train,132,Basant
neerajaabhyankar_hindustani-raag-small_00000133,india,audio/neerajaabhyankar_hindustani-raag-small_00000133.mp3,neerajaabhyankar/hindustani-raag-small,train,133,Basant
neerajaabhyankar_hindustani-raag-small_00000134,india,audio/neerajaabhyankar_hindustani-raag-small_00000134.mp3,neerajaabhyankar/hindustani-raag-small,train,134,Basant
neerajaabhyankar_hindustani-raag-small_00000135,india,audio/neerajaabhyankar_hindustani-raag-small_00000135.mp3,neerajaabhyankar/hindustani-raag-small,train,135,Basant
neerajaabhyankar_hindustani-raag-small_00000136,india,audio/neerajaabhyankar_hindustani-raag-small_00000136.mp3,neerajaabhyankar/hindustani-raag-small,train,136,Basant
neerajaabhyankar_hindustani-raag-small_00000137,india,audio/neerajaabhyankar_hindustani-raag-small_00000137.mp3,neerajaabhyankar/hindustani-raag-small,train,137,Basant
neerajaabhyankar_hindustani-raag-small_00000138,india,audio/neerajaabhyankar_hindustani-raag-small_00000138.mp3,neerajaabhyankar/hindustani-raag-small,train,138,Bhairav
neerajaabhyankar_hindustani-raag-small_00000139,india,audio/neerajaabhyankar_hindustani-raag-small_00000139.mp3,neerajaabhyankar/hindustani-raag-small,train,139,Bhairav
neerajaabhyankar_hindustani-raag-small_00000140,india,audio/neerajaabhyankar_hindustani-raag-small_00000140.mp3,neerajaabhyankar/hindustani-raag-small,train,140,Bhairav
neerajaabhyankar_hindustani-raag-small_00000141,india,audio/neerajaabhyankar_hindustani-raag-small_00000141.mp3,neerajaabhyankar/hindustani-raag-small,train,141,Bhairav
neerajaabhyankar_hindustani-raag-small_00000142,india,audio/neerajaabhyankar_hindustani-raag-small_00000142.mp3,neerajaabhyankar/hindustani-raag-small,train,142,Bhairav
neerajaabhyankar_hindustani-raag-small_00000143,india,audio/neerajaabhyankar_hindustani-raag-small_00000143.mp3,neerajaabhyankar/hindustani-raag-small,train,143,Bhairav
neerajaabhyankar_hindustani-raag-small_00000144,india,audio/neerajaabhyankar_hindustani-raag-small_00000144.mp3,neerajaabhyankar/hindustani-raag-small,train,144,Bhairav
neerajaabhyankar_hindustani-raag-small_00000145,india,audio/neerajaabhyankar_hindustani-raag-small_00000145.mp3,neerajaabhyankar/hindustani-raag-small,train,145,Bhairav
neerajaabhyankar_hindustani-raag-small_00000146,india,audio/neerajaabhyankar_hindustani-raag-small_00000146.mp3,neerajaabhyankar/hindustani-raag-small,train,146,Bhairav
neerajaabhyankar_hindustani-raag-small_00000147,india,audio/neerajaabhyankar_hindustani-raag-small_00000147.mp3,neerajaabhyankar/hindustani-raag-small,train,147,Bhairav
neerajaabhyankar_hindustani-raag-small_00000148,india,audio/neerajaabhyankar_hindustani-raag-small_00000148.mp3,neerajaabhyankar/hindustani-raag-small,train,148,Bhairav
neerajaabhyankar_hindustani-raag-small_00000149,india,audio/neerajaabhyankar_hindustani-raag-small_00000149.mp3,neerajaabhyankar/hindustani-raag-small,train,149,Bhairav
neerajaabhyankar_hindustani-raag-small_00000150,india,audio/neerajaabhyankar_hindustani-raag-small_00000150.mp3,neerajaabhyankar/hindustani-raag-small,train,150,Bhairav
neerajaabhyankar_hindustani-raag-small_00000151,india,audio/neerajaabhyankar_hindustani-raag-small_00000151.mp3,neerajaabhyankar/hindustani-raag-small,train,151,Bhairav
neerajaabhyankar_hindustani-raag-small_00000152,india,audio/neerajaabhyankar_hindustani-raag-small_00000152.mp3,neerajaabhyankar/hindustani-raag-small,train,152,Bhairav
neerajaabhyankar_hindustani-raag-small_00000153,india,audio/neerajaabhyankar_hindustani-raag-small_00000153.mp3,neerajaabhyankar/hindustani-raag-small,train,153,Bhairav
neerajaabhyankar_hindustani-raag-small_00000154,india,audio/neerajaabhyankar_hindustani-raag-small_00000154.mp3,neerajaabhyankar/hindustani-raag-small,train,154,Bhairav
neerajaabhyankar_hindustani-raag-small_00000155,india,audio/neerajaabhyankar_hindustani-raag-small_00000155.mp3,neerajaabhyankar/hindustani-raag-small,train,155,Bhairav
neerajaabhyankar_hindustani-raag-small_00000156,india,audio/neerajaabhyankar_hindustani-raag-small_00000156.mp3,neerajaabhyankar/hindustani-raag-small,train,156,Bhairav
neerajaabhyankar_hindustani-raag-small_00000157,india,audio/neerajaabhyankar_hindustani-raag-small_00000157.mp3,neerajaabhyankar/hindustani-raag-small,train,157,Bhairav
neerajaabhyankar_hindustani-raag-small_00000158,india,audio/neerajaabhyankar_hindustani-raag-small_00000158.mp3,neerajaabhyankar/hindustani-raag-small,train,158,Bhairav
neerajaabhyankar_hindustani-raag-small_00000159,india,audio/neerajaabhyankar_hindustani-raag-small_00000159.mp3,neerajaabhyankar/hindustani-raag-small,train,159,Bhairav
neerajaabhyankar_hindustani-raag-small_00000160,india,audio/neerajaabhyankar_hindustani-raag-small_00000160.mp3,neerajaabhyankar/hindustani-raag-small,train,160,Bhairav
neerajaabhyankar_hindustani-raag-small_00000161,india,audio/neerajaabhyankar_hindustani-raag-small_00000161.mp3,neerajaabhyankar/hindustani-raag-small,train,161,Bhairav
neerajaabhyankar_hindustani-raag-small_00000162,india,audio/neerajaabhyankar_hindustani-raag-small_00000162.mp3,neerajaabhyankar/hindustani-raag-small,train,162,Bhairav
neerajaabhyankar_hindustani-raag-small_00000163,india,audio/neerajaabhyankar_hindustani-raag-small_00000163.mp3,neerajaabhyankar/hindustani-raag-small,train,163,Bhairav
neerajaabhyankar_hindustani-raag-small_00000164,india,audio/neerajaabhyankar_hindustani-raag-small_00000164.mp3,neerajaabhyankar/hindustani-raag-small,train,164,Bhairav
neerajaabhyankar_hindustani-raag-small_00000165,india,audio/neerajaabhyankar_hindustani-raag-small_00000165.mp3,neerajaabhyankar/hindustani-raag-small,train,165,Bhairav
neerajaabhyankar_hindustani-raag-small_00000166,india,audio/neerajaabhyankar_hindustani-raag-small_00000166.mp3,neerajaabhyankar/hindustani-raag-small,train,166,Bhairav
neerajaabhyankar_hindustani-raag-small_00000167,india,audio/neerajaabhyankar_hindustani-raag-small_00000167.mp3,neerajaabhyankar/hindustani-raag-small,train,167,Bhairav
neerajaabhyankar_hindustani-raag-small_00000168,india,audio/neerajaabhyankar_hindustani-raag-small_00000168.mp3,neerajaabhyankar/hindustani-raag-small,train,168,Bhairavi
neerajaabhyankar_hindustani-raag-small_00000169,india,audio/neerajaabhyankar_hindustani-raag-small_00000169.mp3,neerajaabhyankar/hindustani-raag-small,train,169,Bhairavi
neerajaabhyankar_hindustani-raag-small_00000170,india,audio/neerajaabhyankar_hindustani-raag-small_00000170.mp3,neerajaabhyankar/hindustani-raag-small,train,170,Bhairavi
neerajaabhyankar_hindustani-raag-small_00000171,india,audio/neerajaabhyankar_hindustani-raag-small_00000171.mp3,neerajaabhyankar/hindustani-raag-small,train,171,Bhairavi
neerajaabhyankar_hindustani-raag-small_00000172,india,audio/neerajaabhyankar_hindustani-raag-small_00000172.mp3,neerajaabhyankar/hindustani-raag-small,train,172,Bhairavi
neerajaabhyankar_hindustani-raag-small_00000173,india,audio/neerajaabhyankar_hindustani-raag-small_00000173.mp3,neerajaabhyankar/hindustani-raag-small,train,173,Bhairavi
neerajaabhyankar_hindustani-raag-small_00000174,india,audio/neerajaabhyankar_hindustani-raag-small_00000174.mp3,neerajaabhyankar/hindustani-raag-small,train,174,Bhairavi
neerajaabhyankar_hindustani-raag-small_00000175,india,audio/neerajaabhyankar_hindustani-raag-small_00000175.mp3,neerajaabhyankar/hindustani-raag-small,train,175,Bhairavi
neerajaabhyankar_hindustani-raag-small_00000176,india,audio/neerajaabhyankar_hindustani-raag-small_00000176.mp3,neerajaabhyankar/hindustani-raag-small,train,176,Bhairavi
neerajaabhyankar_hindustani-raag-small_00000177,india,audio/neerajaabhyankar_hindustani-raag-small_00000177.mp3,neerajaabhyankar/hindustani-raag-small,train,177,Bhairavi
neerajaabhyankar_hindustani-raag-small_00000178,india,audio/neerajaabhyankar_hindustani-raag-small_00000178.mp3,neerajaabhyankar/hindustani-raag-small,train,178,Bhairavi
neerajaabhyankar_hindustani-raag-small_00000179,india,audio/neerajaabhyankar_hindustani-raag-small_00000179.mp3,neerajaabhyankar/hindustani-raag-small,train,179,Bhairavi
neerajaabhyankar_hindustani-raag-small_00000180,india,audio/neerajaabhyankar_hindustani-raag-small_00000180.mp3,neerajaabhyankar/hindustani-raag-small,train,180,Bhairavi
neerajaabhyankar_hindustani-raag-small_00000181,india,audio/neerajaabhyankar_hindustani-raag-small_00000181.mp3,neerajaabhyankar/hindustani-raag-small,train,181,Bhairavi
neerajaabhyankar_hindustani-raag-small_00000182,india,audio/neerajaabhyankar_hindustani-raag-small_00000182.mp3,neerajaabhyankar/hindustani-raag-small,train,182,Bhairavi
neerajaabhyankar_hindustani-raag-small_00000183,india,audio/neerajaabhyankar_hindustani-raag-small_00000183.mp3,neerajaabhyankar/hindustani-raag-small,train,183,Bheempalasi
neerajaabhyankar_hindustani-raag-small_00000184,india,audio/neerajaabhyankar_hindustani-raag-small_00000184.mp3,neerajaabhyankar/hindustani-raag-small,train,184,Bheempalasi
neerajaabhyankar_hindustani-raag-small_00000185,india,audio/neerajaabhyankar_hindustani-raag-small_00000185.mp3,neerajaabhyankar/hindustani-raag-small,train,185,Bheempalasi
neerajaabhyankar_hindustani-raag-small_00000186,india,audio/neerajaabhyankar_hindustani-raag-small_00000186.mp3,neerajaabhyankar/hindustani-raag-small,train,186,Bheempalasi
neerajaabhyankar_hindustani-raag-small_00000187,india,audio/neerajaabhyankar_hindustani-raag-small_00000187.mp3,neerajaabhyankar/hindustani-raag-small,train,187,Bheempalasi
neerajaabhyankar_hindustani-raag-small_00000188,india,audio/neerajaabhyankar_hindustani-raag-small_00000188.mp3,neerajaabhyankar/hindustani-raag-small,train,188,Bheempalasi
neerajaabhyankar_hindustani-raag-small_00000189,india,audio/neerajaabhyankar_hindustani-raag-small_00000189.mp3,neerajaabhyankar/hindustani-raag-small,train,189,Bheempalasi
neerajaabhyankar_hindustani-raag-small_00000190,india,audio/neerajaabhyankar_hindustani-raag-small_00000190.mp3,neerajaabhyankar/hindustani-raag-small,train,190,Bheempalasi
neerajaabhyankar_hindustani-raag-small_00000191,india,audio/neerajaabhyankar_hindustani-raag-small_00000191.mp3,neerajaabhyankar/hindustani-raag-small,train,191,Bheempalasi
neerajaabhyankar_hindustani-raag-small_00000192,india,audio/neerajaabhyankar_hindustani-raag-small_00000192.mp3,neerajaabhyankar/hindustani-raag-small,train,192,Bheempalasi
neerajaabhyankar_hindustani-raag-small_00000193,india,audio/neerajaabhyankar_hindustani-raag-small_00000193.mp3,neerajaabhyankar/hindustani-raag-small,train,193,Bheempalasi
neerajaabhyankar_hindustani-raag-small_00000194,india,audio/neerajaabhyankar_hindustani-raag-small_00000194.mp3,neerajaabhyankar/hindustani-raag-small,train,194,Bheempalasi
neerajaabhyankar_hindustani-raag-small_00000195,india,audio/neerajaabhyankar_hindustani-raag-small_00000195.mp3,neerajaabhyankar/hindustani-raag-small,train,195,Bheempalasi
neerajaabhyankar_hindustani-raag-small_00000196,india,audio/neerajaabhyankar_hindustani-raag-small_00000196.mp3,neerajaabhyankar/hindustani-raag-small,train,196,Bheempalasi
neerajaabhyankar_hindustani-raag-small_00000197,india,audio/neerajaabhyankar_hindustani-raag-small_00000197.mp3,neerajaabhyankar/hindustani-raag-small,train,197,Bheempalasi
neerajaabhyankar_hindustani-raag-small_00000198,india,audio/neerajaabhyankar_hindustani-raag-small_00000198.mp3,neerajaabhyankar/hindustani-raag-small,train,198,Bheempalasi
neerajaabhyankar_hindustani-raag-small_00000199,india,audio/neerajaabhyankar_hindustani-raag-small_00000199.mp3,neerajaabhyankar/hindustani-raag-small,train,199,Bheempalasi
neerajaabhyankar_hindustani-raag-small_00000200,india,audio/neerajaabhyankar_hindustani-raag-small_00000200.mp3,neerajaabhyankar/hindustani-raag-small,train,200,Bheempalasi
neerajaabhyankar_hindustani-raag-small_00000201,india,audio/neerajaabhyankar_hindustani-raag-small_00000201.mp3,neerajaabhyankar/hindustani-raag-small,train,201,Bheempalasi
neerajaabhyankar_hindustani-raag-small_00000202,india,audio/neerajaabhyankar_hindustani-raag-small_00000202.mp3,neerajaabhyankar/hindustani-raag-small,train,202,Bheempalasi
neerajaabhyankar_hindustani-raag-small_00000203,india,audio/neerajaabhyankar_hindustani-raag-small_00000203.mp3,neerajaabhyankar/hindustani-raag-small,train,203,Bheempalasi
neerajaabhyankar_hindustani-raag-small_00000204,india,audio/neerajaabhyankar_hindustani-raag-small_00000204.mp3,neerajaabhyankar/hindustani-raag-small,train,204,Bheempalasi
neerajaabhyankar_hindustani-raag-small_00000205,india,audio/neerajaabhyankar_hindustani-raag-small_00000205.mp3,neerajaabhyankar/hindustani-raag-small,train,205,Bheempalasi
neerajaabhyankar_hindustani-raag-small_00000206,india,audio/neerajaabhyankar_hindustani-raag-small_00000206.mp3,neerajaabhyankar/hindustani-raag-small,train,206,Bheempalasi
neerajaabhyankar_hindustani-raag-small_00000207,india,audio/neerajaabhyankar_hindustani-raag-small_00000207.mp3,neerajaabhyankar/hindustani-raag-small,train,207,Bhoopali
neerajaabhyankar_hindustani-raag-small_00000208,india,audio/neerajaabhyankar_hindustani-raag-small_00000208.mp3,neerajaabhyankar/hindustani-raag-small,train,208,Bhoopali
neerajaabhyankar_hindustani-raag-small_00000209,india,audio/neerajaabhyankar_hindustani-raag-small_00000209.mp3,neerajaabhyankar/hindustani-raag-small,train,209,Bhoopali
neerajaabhyankar_hindustani-raag-small_00000210,india,audio/neerajaabhyankar_hindustani-raag-small_00000210.mp3,neerajaabhyankar/hindustani-raag-small,train,210,Bhoopali
neerajaabhyankar_hindustani-raag-small_00000211,india,audio/neerajaabhyankar_hindustani-raag-small_00000211.mp3,neerajaabhyankar/hindustani-raag-small,train,211,Bhoopali
neerajaabhyankar_hindustani-raag-small_00000212,india,audio/neerajaabhyankar_hindustani-raag-small_00000212.mp3,neerajaabhyankar/hindustani-raag-small,train,212,Bhoopali
neerajaabhyankar_hindustani-raag-small_00000213,india,audio/neerajaabhyankar_hindustani-raag-small_00000213.mp3,neerajaabhyankar/hindustani-raag-small,train,213,Bhoopali
neerajaabhyankar_hindustani-raag-small_00000214,india,audio/neerajaabhyankar_hindustani-raag-small_00000214.mp3,neerajaabhyankar/hindustani-raag-small,train,214,Bhoopali
neerajaabhyankar_hindustani-raag-small_00000215,india,audio/neerajaabhyankar_hindustani-raag-small_00000215.mp3,neerajaabhyankar/hindustani-raag-small,train,215,Bhoopali
neerajaabhyankar_hindustani-raag-small_00000216,india,audio/neerajaabhyankar_hindustani-raag-small_00000216.mp3,neerajaabhyankar/hindustani-raag-small,train,216,Bhoopali
neerajaabhyankar_hindustani-raag-small_00000217,india,audio/neerajaabhyankar_hindustani-raag-small_00000217.mp3,neerajaabhyankar/hindustani-raag-small,train,217,Bhoopali
neerajaabhyankar_hindustani-raag-small_00000218,india,audio/neerajaabhyankar_hindustani-raag-small_00000218.mp3,neerajaabhyankar/hindustani-raag-small,train,218,Bhoopali
neerajaabhyankar_hindustani-raag-small_00000219,india,audio/neerajaabhyankar_hindustani-raag-small_00000219.mp3,neerajaabhyankar/hindustani-raag-small,train,219,Bhoopali
neerajaabhyankar_hindustani-raag-small_00000220,india,audio/neerajaabhyankar_hindustani-raag-small_00000220.mp3,neerajaabhyankar/hindustani-raag-small,train,220,Bhoopali
neerajaabhyankar_hindustani-raag-small_00000221,india,audio/neerajaabhyankar_hindustani-raag-small_00000221.mp3,neerajaabhyankar/hindustani-raag-small,train,221,Bhoopali
neerajaabhyankar_hindustani-raag-small_00000222,india,audio/neerajaabhyankar_hindustani-raag-small_00000222.mp3,neerajaabhyankar/hindustani-raag-small,train,222,Bhoopali
neerajaabhyankar_hindustani-raag-small_00000223,india,audio/neerajaabhyankar_hindustani-raag-small_00000223.mp3,neerajaabhyankar/hindustani-raag-small,train,223,Bhoopali
neerajaabhyankar_hindustani-raag-small_00000224,india,audio/neerajaabhyankar_hindustani-raag-small_00000224.mp3,neerajaabhyankar/hindustani-raag-small,train,224,Bhoopali
neerajaabhyankar_hindustani-raag-small_00000225,india,audio/neerajaabhyankar_hindustani-raag-small_00000225.mp3,neerajaabhyankar/hindustani-raag-small,train,225,Bhoopali
neerajaabhyankar_hindustani-raag-small_00000226,india,audio/neerajaabhyankar_hindustani-raag-small_00000226.mp3,neerajaabhyankar/hindustani-raag-small,train,226,Bhoopali
neerajaabhyankar_hindustani-raag-small_00000227,india,audio/neerajaabhyankar_hindustani-raag-small_00000227.mp3,neerajaabhyankar/hindustani-raag-small,train,227,Bhoopali
neerajaabhyankar_hindustani-raag-small_00000228,india,audio/neerajaabhyankar_hindustani-raag-small_00000228.mp3,neerajaabhyankar/hindustani-raag-small,train,228,Bihag
neerajaabhyankar_hindustani-raag-small_00000229,india,audio/neerajaabhyankar_hindustani-raag-small_00000229.mp3,neerajaabhyankar/hindustani-raag-small,train,229,Bihag
neerajaabhyankar_hindustani-raag-small_00000230,india,audio/neerajaabhyankar_hindustani-raag-small_00000230.mp3,neerajaabhyankar/hindustani-raag-small,train,230,Bihag
neerajaabhyankar_hindustani-raag-small_00000231,india,audio/neerajaabhyankar_hindustani-raag-small_00000231.mp3,neerajaabhyankar/hindustani-raag-small,train,231,Bihag
neerajaabhyankar_hindustani-raag-small_00000232,india,audio/neerajaabhyankar_hindustani-raag-small_00000232.mp3,neerajaabhyankar/hindustani-raag-small,train,232,Bihag
neerajaabhyankar_hindustani-raag-small_00000233,india,audio/neerajaabhyankar_hindustani-raag-small_00000233.mp3,neerajaabhyankar/hindustani-raag-small,train,233,Bihag
neerajaabhyankar_hindustani-raag-small_00000234,india,audio/neerajaabhyankar_hindustani-raag-small_00000234.mp3,neerajaabhyankar/hindustani-raag-small,train,234,Bihag
neerajaabhyankar_hindustani-raag-small_00000235,india,audio/neerajaabhyankar_hindustani-raag-small_00000235.mp3,neerajaabhyankar/hindustani-raag-small,train,235,Bihag
neerajaabhyankar_hindustani-raag-small_00000236,india,audio/neerajaabhyankar_hindustani-raag-small_00000236.mp3,neerajaabhyankar/hindustani-raag-small,train,236,Bihag
neerajaabhyankar_hindustani-raag-small_00000237,india,audio/neerajaabhyankar_hindustani-raag-small_00000237.mp3,neerajaabhyankar/hindustani-raag-small,train,237,Bihag
neerajaabhyankar_hindustani-raag-small_00000238,india,audio/neerajaabhyankar_hindustani-raag-small_00000238.mp3,neerajaabhyankar/hindustani-raag-small,train,238,Bihag
neerajaabhyankar_hindustani-raag-small_00000239,india,audio/neerajaabhyankar_hindustani-raag-small_00000239.mp3,neerajaabhyankar/hindustani-raag-small,train,239,Bihag
neerajaabhyankar_hindustani-raag-small_00000240,india,audio/neerajaabhyankar_hindustani-raag-small_00000240.mp3,neerajaabhyankar/hindustani-raag-small,train,240,Bihag
neerajaabhyankar_hindustani-raag-small_00000241,india,audio/neerajaabhyankar_hindustani-raag-small_00000241.mp3,neerajaabhyankar/hindustani-raag-small,train,241,Bihag
neerajaabhyankar_hindustani-raag-small_00000242,india,audio/neerajaabhyankar_hindustani-raag-small_00000242.mp3,neerajaabhyankar/hindustani-raag-small,train,242,Bihag
neerajaabhyankar_hindustani-raag-small_00000243,india,audio/neerajaabhyankar_hindustani-raag-small_00000243.mp3,neerajaabhyankar/hindustani-raag-small,train,243,Bihag
neerajaabhyankar_hindustani-raag-small_00000244,india,audio/neerajaabhyankar_hindustani-raag-small_00000244.mp3,neerajaabhyankar/hindustani-raag-small,train,244,Bihag
neerajaabhyankar_hindustani-raag-small_00000245,india,audio/neerajaabhyankar_hindustani-raag-small_00000245.mp3,neerajaabhyankar/hindustani-raag-small,train,245,Bihag
neerajaabhyankar_hindustani-raag-small_00000246,india,audio/neerajaabhyankar_hindustani-raag-small_00000246.mp3,neerajaabhyankar/hindustani-raag-small,train,246,Bihag
neerajaabhyankar_hindustani-raag-small_00000247,india,audio/neerajaabhyankar_hindustani-raag-small_00000247.mp3,neerajaabhyankar/hindustani-raag-small,train,247,Bihag
neerajaabhyankar_hindustani-raag-small_00000248,india,audio/neerajaabhyankar_hindustani-raag-small_00000248.mp3,neerajaabhyankar/hindustani-raag-small,train,248,Bihag
neerajaabhyankar_hindustani-raag-small_00000249,india,audio/neerajaabhyankar_hindustani-raag-small_00000249.mp3,neerajaabhyankar/hindustani-raag-small,train,249,Bihag
