source,target
dcas.cli.eval,dcas.scripts.compare_recommender_runs
dcas.cli.eval,dcas.scripts.evaluate_disentanglement
dcas.cli.eval,dcas.scripts.evaluate_recommender
dcas.cli.ontology,dcas.ontology
dcas.cli.pal_loop,dcas.data.npz_tracks
dcas.cli.pal_loop,dcas.pal.uncertainty
dcas.cli.pal_loop,dcas.serialization
dcas.cli.recommend,dcas.data.interactions
dcas.cli.recommend,dcas.data.npz_tracks
dcas.cli.recommend,dcas.recommender
dcas.cli.recommend,dcas.serialization
dcas.cli.style_transfer,dcas.pipelines
dcas.cli.style_transfer_wave,dcas.waveform_style_transfer
dcas.cli.train,dcas.data.batch
dcas.cli.train,dcas.data.npz_tracks
dcas.cli.train,dcas.data.torch_dataset
dcas.cli.train,dcas.models.dcas_vae
dcas.cli.train,dcas.pal.constraints
dcas.cli.train,dcas.serialization
dcas.cli.train,dcas.utils
dcas.data,dcas
dcas.data.batch,dcas.utils
dcas.data.torch_dataset,dcas.data.npz_tracks
dcas.embedding_recommenders,dcas.data.interactions
dcas.embedding_recommenders,dcas.data.npz_tracks
dcas.embedding_recommenders,dcas.recommender
dcas.embeddings,dcas
dcas.models,dcas
dcas.models.dcas_vae,dcas.utils
dcas.models.dcas_vae,dcas.models.layers
dcas.models.dcas_vae,dcas.models.losses
dcas.models.dcas_vae,dcas.models.mlp
dcas.ontology,dcas.serialization_json
dcas.ot,dcas
dcas.pal,dcas
dcas.pal.uncertainty,dcas.data.npz_tracks
dcas.pal.uncertainty,dcas.models.dcas_vae
dcas.pal.uncertainty,dcas.models.losses
dcas.pipelines,dcas.data.batch
dcas.pipelines,dcas.data.interactions
dcas.pipelines,dcas.data.npz_tracks
dcas.pipelines,dcas.data.torch_dataset
dcas.pipelines,dcas.models.dcas_vae
dcas.pipelines,dcas.pal.constraints
dcas.pipelines,dcas.pal.uncertainty
dcas.pipelines,dcas.recommender
dcas.pipelines,dcas.scripts.build_tracks_from_audio
dcas.pipelines,dcas.scripts.make_toy_data
dcas.pipelines,dcas.serialization
dcas.pipelines,dcas.style_transfer
dcas.pipelines,dcas.utils
dcas.pipelines,dcas.waveform_style_transfer
dcas.recommender,dcas.data.interactions
dcas.recommender,dcas.data.npz_tracks
dcas.recommender,dcas.models.dcas_vae
dcas.recommender,dcas.ot.sinkhorn
dcas.scripts.align_assets_to_tracks,dcas.data.npz_tracks
dcas.scripts.build_pseudo_pal_constraints,dcas.pal.constraints
dcas.scripts.build_research_dataset_v3,dcas.scripts.merge_metadata_dedup
dcas.scripts.build_research_dataset_v4,dcas.scripts.align_assets_to_tracks
dcas.scripts.build_research_dataset_v4,dcas.scripts.audit_dataset_manifest
dcas.scripts.build_research_dataset_v4,dcas.scripts.audit_dataset_v4
dcas.scripts.build_research_dataset_v4,dcas.scripts.build_tracks_from_audio
dcas.scripts.build_research_dataset_v4,dcas.scripts.build_tracks_with_gemini
dcas.scripts.build_research_dataset_v4,dcas.scripts.harmonize_v4_metadata
dcas.scripts.build_research_dataset_v4,dcas.scripts.merge_metadata_dedup
dcas.scripts.build_research_dataset_v4,dcas.scripts.synthesize_interactions
dcas.scripts.build_research_dataset_v4,dcas.scripts.validate_dataset
dcas.scripts.build_tracks_from_audio,dcas.embeddings
dcas.scripts.build_tracks_from_audio,dcas.serialization_json
dcas.scripts.build_tracks_with_gemini,dcas.embeddings
dcas.scripts.build_tracks_with_gemini,dcas.serialization_json
dcas.scripts.evaluate_disentanglement,dcas.data.npz_tracks
dcas.scripts.evaluate_disentanglement,dcas.serialization
dcas.scripts.evaluate_recommender,dcas.data.interactions
dcas.scripts.evaluate_recommender,dcas.data.npz_tracks
dcas.scripts.evaluate_recommender,dcas.recommender
dcas.scripts.evaluate_recommender,dcas.serialization
dcas.scripts.generate_project_figures,dcas.data.npz_tracks
dcas.scripts.generate_project_figures_zh,dcas.data.npz_tracks
dcas.scripts.harmonize_v4_metadata,dcas.scripts.harmonize_v3_metadata
dcas.scripts.make_splits,dcas.data.npz_tracks
dcas.scripts.prepare_real_pal_bundle,dcas.pipelines
dcas.scripts.prepare_real_pal_bundle,dcas.scripts.export_pal_annotation_sheet
dcas.scripts.prepare_real_pal_bundle,dcas.scripts.select_pal_tasks_stratified
dcas.scripts.run_ablation,dcas.pipelines
dcas.scripts.run_ablation,dcas.scripts.compare_recommender_runs
dcas.scripts.run_ablation,dcas.scripts.evaluate_recommender
dcas.scripts.run_baseline_comparison,dcas.pipelines
dcas.scripts.run_baseline_comparison,dcas.scripts.compare_recommender_runs
dcas.scripts.run_baseline_comparison,dcas.scripts.evaluate_recommender
dcas.scripts.run_culturemert_embedding_build,dcas.scripts.build_tracks_from_audio
dcas.scripts.run_gemini_embedding_build,dcas.scripts.build_tracks_with_gemini
dcas.scripts.run_log_recommender_benchmarks,dcas.data.interactions
dcas.scripts.run_log_recommender_benchmarks,dcas.data.npz_tracks
dcas.scripts.run_log_recommender_benchmarks,dcas.embedding_recommenders
dcas.scripts.run_log_recommender_benchmarks,dcas.pipelines
dcas.scripts.run_log_recommender_benchmarks,dcas.recommender
dcas.scripts.run_log_recommender_benchmarks,dcas.scripts.compare_recommender_runs
dcas.scripts.run_log_recommender_benchmarks,dcas.serialization
dcas.scripts.run_pal_platform,dcas.pipelines
dcas.scripts.run_pal_platform,dcas.scripts.build_pal_constraints_from_annotations
dcas.scripts.run_pal_platform,dcas.scripts.compare_recommender_runs
dcas.scripts.run_pal_platform,dcas.scripts.evaluate_recommender
dcas.scripts.run_pal_platform,dcas.scripts.export_pal_annotation_sheet
dcas.scripts.run_pal_platform,dcas.scripts.run_phase3_pal
dcas.scripts.run_phase3_pal,dcas.pipelines
dcas.scripts.run_phase3_pal,dcas.scripts.build_pal_feedback_constraints
dcas.scripts.run_phase3_pal,dcas.scripts.compare_recommender_runs
dcas.scripts.run_phase3_pal,dcas.scripts.evaluate_recommender
dcas.scripts.run_recommender_benchmarks,dcas.data.interactions
dcas.scripts.run_recommender_benchmarks,dcas.data.npz_tracks
dcas.scripts.run_recommender_benchmarks,dcas.embedding_recommenders
dcas.scripts.run_recommender_benchmarks,dcas.recommender
dcas.scripts.run_recommender_benchmarks,dcas.scripts.compare_recommender_runs
dcas.scripts.run_recommender_benchmarks,dcas.scripts.synthesize_interactions
dcas.scripts.run_recommender_benchmarks,dcas.serialization
dcas.scripts.run_tc_hsic_sensitivity,dcas.pipelines
dcas.scripts.run_tc_hsic_sensitivity,dcas.scripts.evaluate_recommender
dcas.scripts.run_train_from_json,dcas.pipelines
dcas.scripts.validate_dataset,dcas.data.npz_tracks
dcas.serialization,dcas.data.torch_dataset
dcas.serialization,dcas.models.dcas_vae
dcas.style_transfer,dcas.data.npz_tracks
dcas.style_transfer,dcas.models.dcas_vae
dcas_server.app,dcas.ontology
dcas_server.app,dcas.pipelines
dcas_server.app,dcas_server.paths
dcas_server.app,dcas_server.schemas
